0,,,,,,,
Next Generation Sequencing Sample Submission Form,,,,,,,
,,,,,,,
Project Name,R_171103_SHADIL_LIB2500_M001,,,,,,
Internal or External Project,External,,,,,,
Cost Centre/Grant Code/Purchase Order Number,4000045096,,,,,,
HREC Number,,,,,,,
Quote ID,FGC00265,,,,,,
Data Delivery Format,Cloud,,,,,,
Notification List (emails),shannon.dillon@csiro.au,,,,,,
Additional Notes,Deniliquin_pooled_enriched_libraries,,,,,,
,,,,,,,
Sample/Name,UDF/External ID,UDF/Pool ID,Container/Type,UDF/Index,UDF/Origin,UDF/Reference Genome,UDF/Application
BSK--000,D-003,FD02700613,FluidX 0.3mL Screw Cap Tube,"{u'index': u'NXIKV2-D  N701-S502 (TAAGGCGA-CTCTCTAT)', u'kit': u'Nextera XT Index Kit V 2 - dual-indexing'}",Other,NA,Submitted Library Standard Depth PE Sequencing (HiSeq 2500) v4.0
BSK--001,D-008,FD02700613,FluidX 0.3mL Screw Cap Tube,"{u'index': u'NXIKV2-D  N701-S503 (TAAGGCGA-TATCCTCT)', u'kit': u'Nextera XT Index Kit V 2 - dual-indexing'}",Other,NA,Submitted Library Standard Depth PE Sequencing (HiSeq 2500) v4.0
BSK--002,D-009,FD02700613,FluidX 0.3mL Screw Cap Tube,"{u'index': u'NXIKV2-D  N701-S505 (TAAGGCGA-GTAAGGAG)', u'kit': u'Nextera XT Index Kit V 2 - dual-indexing'}",Other,NA,Submitted Library Standard Depth PE Sequencing (HiSeq 2500) v4.0
BSK--003,D-014,FD02700613,FluidX 0.3mL Screw Cap Tube,"{u'index': u'NXIKV2-D  N701-S506 (TAAGGCGA-ACTGCATA)', u'kit': u'Nextera XT Index Kit V 2 - dual-indexing'}",Other,NA,Submitted Library Standard Depth PE Sequencing (HiSeq 2500) v4.0
BSK--004,D-019,FD02700613,FluidX 0.3mL Screw Cap Tube,"{u'index': u'NXIKV2-D  N701-S507 (TAAGGCGA-AAGGAGTA)', u'kit': u'Nextera XT Index Kit V 2 - dual-indexing'}",Other,NA,Submitted Library Standard Depth PE Sequencing (HiSeq 2500) v4.0
BSK--005,D-020,FD02700613,FluidX 0.3mL Screw Cap Tube,"{u'index': u'NXIKV2-D  N701-S508 (TAAGGCGA-CTAAGCCT)', u'kit': u'Nextera XT Index Kit V 2 - dual-indexing'}",Other,NA,Submitted Library Standard Depth PE Sequencing (HiSeq 2500) v4.0
BSK--006,D-022,FD02700613,FluidX 0.3mL Screw Cap Tube,"{u'index': u'NXIKV2-D  N701-S510 (TAAGGCGA-CGTCTAAT)', u'kit': u'Nextera XT Index Kit V 2 - dual-indexing'}",Other,NA,Submitted Library Standard Depth PE Sequencing (HiSeq 2500) v4.0
BSK--007,D-026,FD02700613,FluidX 0.3mL Screw Cap Tube,"{u'index': u'NXIKV2-D  N701-S511 (TAAGGCGA-TCTCTCCG)', u'kit': u'Nextera XT Index Kit V 2 - dual-indexing'}",Other,NA,Submitted Library Standard Depth PE Sequencing (HiSeq 2500) v4.0
BSK--008,D-031,FD02700613,FluidX 0.3mL Screw Cap Tube,"{u'index': u'NXIKV2-D  N702-S502 (CGTACTAG-CTCTCTAT)', u'kit': u'Nextera XT Index Kit V 2 - dual-indexing'}",Other,NA,Submitted Library Standard Depth PE Sequencing (HiSeq 2500) v4.0
BSK--009,D-033,FD02700613,FluidX 0.3mL Screw Cap Tube,"{u'index': u'NXIKV2-D  N702-S503 (CGTACTAG-TATCCTCT)', u'kit': u'Nextera XT Index Kit V 2 - dual-indexing'}",Other,NA,Submitted Library Standard Depth PE Sequencing (HiSeq 2500) v4.0
BSK--010,D-034,FD02700613,FluidX 0.3mL Screw Cap Tube,"{u'index': u'NXIKV2-D  N702-S505 (CGTACTAG-GTAAGGAG)', u'kit': u'Nextera XT Index Kit V 2 - dual-indexing'}",Other,NA,Submitted Library Standard Depth PE Sequencing (HiSeq 2500) v4.0
BSK--011,D-035,FD02700613,FluidX 0.3mL Screw Cap Tube,"{u'index': u'NXIKV2-D  N702-S506 (CGTACTAG-ACTGCATA)', u'kit': u'Nextera XT Index Kit V 2 - dual-indexing'}",Other,NA,Submitted Library Standard Depth PE Sequencing (HiSeq 2500) v4.0
BSK--012,D-036,FD02700613,FluidX 0.3mL Screw Cap Tube,"{u'index': u'NXIKV2-D  N702-S507 (CGTACTAG-AAGGAGTA)', u'kit': u'Nextera XT Index Kit V 2 - dual-indexing'}",Other,NA,Submitted Library Standard Depth PE Sequencing (HiSeq 2500) v4.0
BSK--013,D-040,FD02700613,FluidX 0.3mL Screw Cap Tube,"{u'index': u'NXIKV2-D  N702-S508 (CGTACTAG-CTAAGCCT)', u'kit': u'Nextera XT Index Kit V 2 - dual-indexing'}",Other,NA,Submitted Library Standard Depth PE Sequencing (HiSeq 2500) v4.0
BSK--014,D-042,FD02700613,FluidX 0.3mL Screw Cap Tube,"{u'index': u'NXIKV2-D  N702-S510 (CGTACTAG-CGTCTAAT)', u'kit': u'Nextera XT Index Kit V 2 - dual-indexing'}",Other,NA,Submitted Library Standard Depth PE Sequencing (HiSeq 2500) v4.0
BSK--015,D-043,FD02700613,FluidX 0.3mL Screw Cap Tube,"{u'index': u'NXIKV2-D  N702-S511 (CGTACTAG-TCTCTCCG)', u'kit': u'Nextera XT Index Kit V 2 - dual-indexing'}",Other,NA,Submitted Library Standard Depth PE Sequencing (HiSeq 2500) v4.0
BSK--016,D-049,FD02700613,FluidX 0.3mL Screw Cap Tube,"{u'index': u'NXIKV2-D  N703-S502 (AGGCAGAA-CTCTCTAT)', u'kit': u'Nextera XT Index Kit V 2 - dual-indexing'}",Other,NA,Submitted Library Standard Depth PE Sequencing (HiSeq 2500) v4.0
BSK--017,D-052,FD02700613,FluidX 0.3mL Screw Cap Tube,"{u'index': u'NXIKV2-D  N703-S503 (AGGCAGAA-TATCCTCT)', u'kit': u'Nextera XT Index Kit V 2 - dual-indexing'}",Other,NA,Submitted Library Standard Depth PE Sequencing (HiSeq 2500) v4.0
BSK--018,D-053,FD02700613,FluidX 0.3mL Screw Cap Tube,"{u'index': u'NXIKV2-D  N703-S505 (AGGCAGAA-GTAAGGAG)', u'kit': u'Nextera XT Index Kit V 2 - dual-indexing'}",Other,NA,Submitted Library Standard Depth PE Sequencing (HiSeq 2500) v4.0
BSK--019,D-055,FD02700613,FluidX 0.3mL Screw Cap Tube,"{u'index': u'NXIKV2-D  N703-S506 (AGGCAGAA-ACTGCATA)', u'kit': u'Nextera XT Index Kit V 2 - dual-indexing'}",Other,NA,Submitted Library Standard Depth PE Sequencing (HiSeq 2500) v4.0
BSK--020,D-060,FD02700613,FluidX 0.3mL Screw Cap Tube,"{u'index': u'NXIKV2-D  N703-S507 (AGGCAGAA-AAGGAGTA)', u'kit': u'Nextera XT Index Kit V 2 - dual-indexing'}",Other,NA,Submitted Library Standard Depth PE Sequencing (HiSeq 2500) v4.0
BSK--021,D-064,FD02700613,FluidX 0.3mL Screw Cap Tube,"{u'index': u'NXIKV2-D  N703-S508 (AGGCAGAA-CTAAGCCT)', u'kit': u'Nextera XT Index Kit V 2 - dual-indexing'}",Other,NA,Submitted Library Standard Depth PE Sequencing (HiSeq 2500) v4.0
BSK--022,D-069,FD02700613,FluidX 0.3mL Screw Cap Tube,"{u'index': u'NXIKV2-D  N703-S510 (AGGCAGAA-CGTCTAAT)', u'kit': u'Nextera XT Index Kit V 2 - dual-indexing'}",Other,NA,Submitted Library Standard Depth PE Sequencing (HiSeq 2500) v4.0
BSK--023,D-070,FD02700613,FluidX 0.3mL Screw Cap Tube,"{u'index': u'NXIKV2-D  N703-S511 (AGGCAGAA-TCTCTCCG)', u'kit': u'Nextera XT Index Kit V 2 - dual-indexing'}",Other,NA,Submitted Library Standard Depth PE Sequencing (HiSeq 2500) v4.0
BSK--024,D-073,FD02700613,FluidX 0.3mL Screw Cap Tube,"{u'index': u'NXIKV2-D  N704-S502 (TCCTGAGC-CTCTCTAT)', u'kit': u'Nextera XT Index Kit V 2 - dual-indexing'}",Other,NA,Submitted Library Standard Depth PE Sequencing (HiSeq 2500) v4.0
BSK--025,D-076,FD02700613,FluidX 0.3mL Screw Cap Tube,"{u'index': u'NXIKV2-D  N704-S503 (TCCTGAGC-TATCCTCT)', u'kit': u'Nextera XT Index Kit V 2 - dual-indexing'}",Other,NA,Submitted Library Standard Depth PE Sequencing (HiSeq 2500) v4.0
BSK--026,D-077,FD02700613,FluidX 0.3mL Screw Cap Tube,"{u'index': u'NXIKV2-D  N704-S505 (TCCTGAGC-GTAAGGAG)', u'kit': u'Nextera XT Index Kit V 2 - dual-indexing'}",Other,NA,Submitted Library Standard Depth PE Sequencing (HiSeq 2500) v4.0
BSK--027,D-079,FD02700613,FluidX 0.3mL Screw Cap Tube,"{u'index': u'NXIKV2-D  N704-S506 (TCCTGAGC-ACTGCATA)', u'kit': u'Nextera XT Index Kit V 2 - dual-indexing'}",Other,NA,Submitted Library Standard Depth PE Sequencing (HiSeq 2500) v4.0
BSK--028,D-082,FD02700613,FluidX 0.3mL Screw Cap Tube,"{u'index': u'NXIKV2-D  N704-S507 (TCCTGAGC-AAGGAGTA)', u'kit': u'Nextera XT Index Kit V 2 - dual-indexing'}",Other,NA,Submitted Library Standard Depth PE Sequencing (HiSeq 2500) v4.0
BSK--029,D-083,FD02700613,FluidX 0.3mL Screw Cap Tube,"{u'index': u'NXIKV2-D  N704-S508 (TCCTGAGC-CTAAGCCT)', u'kit': u'Nextera XT Index Kit V 2 - dual-indexing'}",Other,NA,Submitted Library Standard Depth PE Sequencing (HiSeq 2500) v4.0
BSK--030,D-084,FD02700613,FluidX 0.3mL Screw Cap Tube,"{u'index': u'NXIKV2-D  N704-S510 (TCCTGAGC-CGTCTAAT)', u'kit': u'Nextera XT Index Kit V 2 - dual-indexing'}",Other,NA,Submitted Library Standard Depth PE Sequencing (HiSeq 2500) v4.0
BSK--031,D-085,FD02700613,FluidX 0.3mL Screw Cap Tube,"{u'index': u'NXIKV2-D  N704-S511 (TCCTGAGC-TCTCTCCG)', u'kit': u'Nextera XT Index Kit V 2 - dual-indexing'}",Other,NA,Submitted Library Standard Depth PE Sequencing (HiSeq 2500) v4.0
BSK--032,D-086,FD02700613,FluidX 0.3mL Screw Cap Tube,"{u'index': u'NXIKV2-D  N705-S502 (GGACTCCT-CTCTCTAT)', u'kit': u'Nextera XT Index Kit V 2 - dual-indexing'}",Other,NA,Submitted Library Standard Depth PE Sequencing (HiSeq 2500) v4.0
BSK--033,D-089,FD02700613,FluidX 0.3mL Screw Cap Tube,"{u'index': u'NXIKV2-D  N705-S503 (GGACTCCT-TATCCTCT)', u'kit': u'Nextera XT Index Kit V 2 - dual-indexing'}",Other,NA,Submitted Library Standard Depth PE Sequencing (HiSeq 2500) v4.0
BSK--034,D-091,FD02700613,FluidX 0.3mL Screw Cap Tube,"{u'index': u'NXIKV2-D  N705-S505 (GGACTCCT-GTAAGGAG)', u'kit': u'Nextera XT Index Kit V 2 - dual-indexing'}",Other,NA,Submitted Library Standard Depth PE Sequencing (HiSeq 2500) v4.0
BSK--035,D-092,FD02700613,FluidX 0.3mL Screw Cap Tube,"{u'index': u'NXIKV2-D  N705-S506 (GGACTCCT-ACTGCATA)', u'kit': u'Nextera XT Index Kit V 2 - dual-indexing'}",Other,NA,Submitted Library Standard Depth PE Sequencing (HiSeq 2500) v4.0
BSK--036,D-098,FD02700613,FluidX 0.3mL Screw Cap Tube,"{u'index': u'NXIKV2-D  N705-S507 (GGACTCCT-AAGGAGTA)', u'kit': u'Nextera XT Index Kit V 2 - dual-indexing'}",Other,NA,Submitted Library Standard Depth PE Sequencing (HiSeq 2500) v4.0
BSK--037,D-106,FD02700613,FluidX 0.3mL Screw Cap Tube,"{u'index': u'NXIKV2-D  N705-S508 (GGACTCCT-CTAAGCCT)', u'kit': u'Nextera XT Index Kit V 2 - dual-indexing'}",Other,NA,Submitted Library Standard Depth PE Sequencing (HiSeq 2500) v4.0
BSK--038,D-107,FD02700613,FluidX 0.3mL Screw Cap Tube,"{u'index': u'NXIKV2-D  N705-S510 (GGACTCCT-CGTCTAAT)', u'kit': u'Nextera XT Index Kit V 2 - dual-indexing'}",Other,NA,Submitted Library Standard Depth PE Sequencing (HiSeq 2500) v4.0
BSK--039,D-109,FD02700613,FluidX 0.3mL Screw Cap Tube,"{u'index': u'NXIKV2-D  N705-S511 (GGACTCCT-TCTCTCCG)', u'kit': u'Nextera XT Index Kit V 2 - dual-indexing'}",Other,NA,Submitted Library Standard Depth PE Sequencing (HiSeq 2500) v4.0
BSK--040,D-110,FD02700613,FluidX 0.3mL Screw Cap Tube,"{u'index': u'NXIKV2-D  N706-S502 (TAGGCATG-CTCTCTAT)', u'kit': u'Nextera XT Index Kit V 2 - dual-indexing'}",Other,NA,Submitted Library Standard Depth PE Sequencing (HiSeq 2500) v4.0
BSK--041,D-116,FD02700613,FluidX 0.3mL Screw Cap Tube,"{u'index': u'NXIKV2-D  N706-S503 (TAGGCATG-TATCCTCT)', u'kit': u'Nextera XT Index Kit V 2 - dual-indexing'}",Other,NA,Submitted Library Standard Depth PE Sequencing (HiSeq 2500) v4.0
BSK--042,D-119,FD02700613,FluidX 0.3mL Screw Cap Tube,"{u'index': u'NXIKV2-D  N706-S505 (TAGGCATG-GTAAGGAG)', u'kit': u'Nextera XT Index Kit V 2 - dual-indexing'}",Other,NA,Submitted Library Standard Depth PE Sequencing (HiSeq 2500) v4.0
BSK--043,D-154,FD02700613,FluidX 0.3mL Screw Cap Tube,"{u'index': u'NXIKV2-D  N706-S506 (TAGGCATG-ACTGCATA)', u'kit': u'Nextera XT Index Kit V 2 - dual-indexing'}",Other,NA,Submitted Library Standard Depth PE Sequencing (HiSeq 2500) v4.0
BSK--044,D-155,FD02700613,FluidX 0.3mL Screw Cap Tube,"{u'index': u'NXIKV2-D  N706-S507 (TAGGCATG-AAGGAGTA)', u'kit': u'Nextera XT Index Kit V 2 - dual-indexing'}",Other,NA,Submitted Library Standard Depth PE Sequencing (HiSeq 2500) v4.0
BSK--045,D-157,FD02700613,FluidX 0.3mL Screw Cap Tube,"{u'index': u'NXIKV2-D  N706-S508 (TAGGCATG-CTAAGCCT)', u'kit': u'Nextera XT Index Kit V 2 - dual-indexing'}",Other,NA,Submitted Library Standard Depth PE Sequencing (HiSeq 2500) v4.0
BSK--046,D-159,FD02700613,FluidX 0.3mL Screw Cap Tube,"{u'index': u'NXIKV2-D  N706-S510 (TAGGCATG-CGTCTAAT)', u'kit': u'Nextera XT Index Kit V 2 - dual-indexing'}",Other,NA,Submitted Library Standard Depth PE Sequencing (HiSeq 2500) v4.0
BSK--047,D-160,FD02700613,FluidX 0.3mL Screw Cap Tube,"{u'index': u'NXIKV2-D  N706-S511 (TAGGCATG-TCTCTCCG)', u'kit': u'Nextera XT Index Kit V 2 - dual-indexing'}",Other,NA,Submitted Library Standard Depth PE Sequencing (HiSeq 2500) v4.0
BSK--048,D-161,FD02700613,FluidX 0.3mL Screw Cap Tube,"{u'index': u'NXIKV2-D  N707-S502 (CTCTCTAC-CTCTCTAT)', u'kit': u'Nextera XT Index Kit V 2 - dual-indexing'}",Other,NA,Submitted Library Standard Depth PE Sequencing (HiSeq 2500) v4.0
BSK--049,D-162,FD02700613,FluidX 0.3mL Screw Cap Tube,"{u'index': u'NXIKV2-D  N707-S503 (CTCTCTAC-TATCCTCT)', u'kit': u'Nextera XT Index Kit V 2 - dual-indexing'}",Other,NA,Submitted Library Standard Depth PE Sequencing (HiSeq 2500) v4.0
BSK--050,D-165,FD02700613,FluidX 0.3mL Screw Cap Tube,"{u'index': u'NXIKV2-D  N707-S505 (CTCTCTAC-GTAAGGAG)', u'kit': u'Nextera XT Index Kit V 2 - dual-indexing'}",Other,NA,Submitted Library Standard Depth PE Sequencing (HiSeq 2500) v4.0
BSK--051,D-168,FD02700613,FluidX 0.3mL Screw Cap Tube,"{u'index': u'NXIKV2-D  N707-S506 (CTCTCTAC-ACTGCATA)', u'kit': u'Nextera XT Index Kit V 2 - dual-indexing'}",Other,NA,Submitted Library Standard Depth PE Sequencing (HiSeq 2500) v4.0
BSK--052,DC-004,FD02700613,FluidX 0.3mL Screw Cap Tube,"{u'index': u'NXIKV2-D  N707-S507 (CTCTCTAC-AAGGAGTA)', u'kit': u'Nextera XT Index Kit V 2 - dual-indexing'}",Other,NA,Submitted Library Standard Depth PE Sequencing (HiSeq 2500) v4.0
BSK--053,DC-005,FD02700613,FluidX 0.3mL Screw Cap Tube,"{u'index': u'NXIKV2-D  N707-S508 (CTCTCTAC-CTAAGCCT)', u'kit': u'Nextera XT Index Kit V 2 - dual-indexing'}",Other,NA,Submitted Library Standard Depth PE Sequencing (HiSeq 2500) v4.0
BSK--054,DC-006,FD02700613,FluidX 0.3mL Screw Cap Tube,"{u'index': u'NXIKV2-D  N707-S510 (CTCTCTAC-CGTCTAAT)', u'kit': u'Nextera XT Index Kit V 2 - dual-indexing'}",Other,NA,Submitted Library Standard Depth PE Sequencing (HiSeq 2500) v4.0
BSK--055,DC-010,FD02700613,FluidX 0.3mL Screw Cap Tube,"{u'index': u'NXIKV2-D  N707-S511 (CTCTCTAC-TCTCTCCG)', u'kit': u'Nextera XT Index Kit V 2 - dual-indexing'}",Other,NA,Submitted Library Standard Depth PE Sequencing (HiSeq 2500) v4.0
BSK--056,DC-011,FD02700613,FluidX 0.3mL Screw Cap Tube,"{u'index': u'NXIKV2-D  N710-S502 (CGAGGCTG-CTCTCTAT)', u'kit': u'Nextera XT Index Kit V 2 - dual-indexing'}",Other,NA,Submitted Library Standard Depth PE Sequencing (HiSeq 2500) v4.0
BSK--057,DC-012,FD02700613,FluidX 0.3mL Screw Cap Tube,"{u'index': u'NXIKV2-D  N710-S503 (CGAGGCTG-TATCCTCT)', u'kit': u'Nextera XT Index Kit V 2 - dual-indexing'}",Other,NA,Submitted Library Standard Depth PE Sequencing (HiSeq 2500) v4.0
BSK--058,DC-015,FD02700613,FluidX 0.3mL Screw Cap Tube,"{u'index': u'NXIKV2-D  N710-S505 (CGAGGCTG-GTAAGGAG)', u'kit': u'Nextera XT Index Kit V 2 - dual-indexing'}",Other,NA,Submitted Library Standard Depth PE Sequencing (HiSeq 2500) v4.0
BSK--059,DC-018,FD02700613,FluidX 0.3mL Screw Cap Tube,"{u'index': u'NXIKV2-D  N710-S506 (CGAGGCTG-ACTGCATA)', u'kit': u'Nextera XT Index Kit V 2 - dual-indexing'}",Other,NA,Submitted Library Standard Depth PE Sequencing (HiSeq 2500) v4.0
BSK--060,DC-019,FD02700613,FluidX 0.3mL Screw Cap Tube,"{u'index': u'NXIKV2-D  N710-S507 (CGAGGCTG-AAGGAGTA)', u'kit': u'Nextera XT Index Kit V 2 - dual-indexing'}",Other,NA,Submitted Library Standard Depth PE Sequencing (HiSeq 2500) v4.0
BSK--061,DC-020,FD02700613,FluidX 0.3mL Screw Cap Tube,"{u'index': u'NXIKV2-D  N710-S508 (CGAGGCTG-CTAAGCCT)', u'kit': u'Nextera XT Index Kit V 2 - dual-indexing'}",Other,NA,Submitted Library Standard Depth PE Sequencing (HiSeq 2500) v4.0
BSK--062,DC-024,FD02700613,FluidX 0.3mL Screw Cap Tube,"{u'index': u'NXIKV2-D  N710-S510 (CGAGGCTG-CGTCTAAT)', u'kit': u'Nextera XT Index Kit V 2 - dual-indexing'}",Other,NA,Submitted Library Standard Depth PE Sequencing (HiSeq 2500) v4.0
BSK--063,DC-025,FD02700613,FluidX 0.3mL Screw Cap Tube,"{u'index': u'NXIKV2-D  N710-S511 (CGAGGCTG-TCTCTCCG)', u'kit': u'Nextera XT Index Kit V 2 - dual-indexing'}",Other,NA,Submitted Library Standard Depth PE Sequencing (HiSeq 2500) v4.0
BSK--064,DC-026,FD02700613,FluidX 0.3mL Screw Cap Tube,"{u'index': u'NXIKV2-D  N711-S502 (AAGAGGCA-CTCTCTAT)', u'kit': u'Nextera XT Index Kit V 2 - dual-indexing'}",Other,NA,Submitted Library Standard Depth PE Sequencing (HiSeq 2500) v4.0
BSK--065,DC-027,FD02700613,FluidX 0.3mL Screw Cap Tube,"{u'index': u'NXIKV2-D  N711-S503 (AAGAGGCA-TATCCTCT)', u'kit': u'Nextera XT Index Kit V 2 - dual-indexing'}",Other,NA,Submitted Library Standard Depth PE Sequencing (HiSeq 2500) v4.0
BSK--066,DC-028,FD02700613,FluidX 0.3mL Screw Cap Tube,"{u'index': u'NXIKV2-D  N711-S505 (AAGAGGCA-GTAAGGAG)', u'kit': u'Nextera XT Index Kit V 2 - dual-indexing'}",Other,NA,Submitted Library Standard Depth PE Sequencing (HiSeq 2500) v4.0
BSK--067,DC-030,FD02700613,FluidX 0.3mL Screw Cap Tube,"{u'index': u'NXIKV2-D  N711-S506 (AAGAGGCA-ACTGCATA)', u'kit': u'Nextera XT Index Kit V 2 - dual-indexing'}",Other,NA,Submitted Library Standard Depth PE Sequencing (HiSeq 2500) v4.0
BSK--068,DC-031,FD02700613,FluidX 0.3mL Screw Cap Tube,"{u'index': u'NXIKV2-D  N711-S507 (AAGAGGCA-AAGGAGTA)', u'kit': u'Nextera XT Index Kit V 2 - dual-indexing'}",Other,NA,Submitted Library Standard Depth PE Sequencing (HiSeq 2500) v4.0
BSK--069,DC-032,FD02700613,FluidX 0.3mL Screw Cap Tube,"{u'index': u'NXIKV2-D  N711-S508 (AAGAGGCA-CTAAGCCT)', u'kit': u'Nextera XT Index Kit V 2 - dual-indexing'}",Other,NA,Submitted Library Standard Depth PE Sequencing (HiSeq 2500) v4.0
BSK--070,DC-033,FD02700613,FluidX 0.3mL Screw Cap Tube,"{u'index': u'NXIKV2-D  N711-S510 (AAGAGGCA-CGTCTAAT)', u'kit': u'Nextera XT Index Kit V 2 - dual-indexing'}",Other,NA,Submitted Library Standard Depth PE Sequencing (HiSeq 2500) v4.0
BSK--071,DC-034,FD02700613,FluidX 0.3mL Screw Cap Tube,"{u'index': u'NXIKV2-D  N711-S511 (AAGAGGCA-TCTCTCCG)', u'kit': u'Nextera XT Index Kit V 2 - dual-indexing'}",Other,NA,Submitted Library Standard Depth PE Sequencing (HiSeq 2500) v4.0
BSK--072,DC-035,FD02700613,FluidX 0.3mL Screw Cap Tube,"{u'index': u'NXIKV2-D  N712-S502 (GTAGAGGA-CTCTCTAT)', u'kit': u'Nextera XT Index Kit V 2 - dual-indexing'}",Other,NA,Submitted Library Standard Depth PE Sequencing (HiSeq 2500) v4.0
BSK--073,DC-038,FD02700613,FluidX 0.3mL Screw Cap Tube,"{u'index': u'NXIKV2-D  N712-S503 (GTAGAGGA-TATCCTCT)', u'kit': u'Nextera XT Index Kit V 2 - dual-indexing'}",Other,NA,Submitted Library Standard Depth PE Sequencing (HiSeq 2500) v4.0
BSK--074,DC-039,FD02700613,FluidX 0.3mL Screw Cap Tube,"{u'index': u'NXIKV2-D  N712-S505 (GTAGAGGA-GTAAGGAG)', u'kit': u'Nextera XT Index Kit V 2 - dual-indexing'}",Other,NA,Submitted Library Standard Depth PE Sequencing (HiSeq 2500) v4.0
BSK--075,DC-042,FD02700613,FluidX 0.3mL Screw Cap Tube,"{u'index': u'NXIKV2-D  N712-S506 (GTAGAGGA-ACTGCATA)', u'kit': u'Nextera XT Index Kit V 2 - dual-indexing'}",Other,NA,Submitted Library Standard Depth PE Sequencing (HiSeq 2500) v4.0
BSK--076,DC-044,FD02700613,FluidX 0.3mL Screw Cap Tube,"{u'index': u'NXIKV2-D  N712-S507 (GTAGAGGA-AAGGAGTA)', u'kit': u'Nextera XT Index Kit V 2 - dual-indexing'}",Other,NA,Submitted Library Standard Depth PE Sequencing (HiSeq 2500) v4.0
BSK--077,DC-045,FD02700613,FluidX 0.3mL Screw Cap Tube,"{u'index': u'NXIKV2-D  N712-S508 (GTAGAGGA-CTAAGCCT)', u'kit': u'Nextera XT Index Kit V 2 - dual-indexing'}",Other,NA,Submitted Library Standard Depth PE Sequencing (HiSeq 2500) v4.0
BSK--078,DC-049,FD02700613,FluidX 0.3mL Screw Cap Tube,"{u'index': u'NXIKV2-D  N712-S510 (GTAGAGGA-CGTCTAAT)', u'kit': u'Nextera XT Index Kit V 2 - dual-indexing'}",Other,NA,Submitted Library Standard Depth PE Sequencing (HiSeq 2500) v4.0
BSK--079,DC-050,FD02700613,FluidX 0.3mL Screw Cap Tube,"{u'index': u'NXIKV2-D  N712-S511 (GTAGAGGA-TCTCTCCG)', u'kit': u'Nextera XT Index Kit V 2 - dual-indexing'}",Other,NA,Submitted Library Standard Depth PE Sequencing (HiSeq 2500) v4.0
BSK--080,DC-052,FD02700613,FluidX 0.3mL Screw Cap Tube,"{u'index': u'NXIKV2-D  N714-S502 (GCTCATGA-CTCTCTAT)', u'kit': u'Nextera XT Index Kit V 2 - dual-indexing'}",Other,NA,Submitted Library Standard Depth PE Sequencing (HiSeq 2500) v4.0
BSK--081,DC-055,FD02700613,FluidX 0.3mL Screw Cap Tube,"{u'index': u'NXIKV2-D  N714-S503 (GCTCATGA-TATCCTCT)', u'kit': u'Nextera XT Index Kit V 2 - dual-indexing'}",Other,NA,Submitted Library Standard Depth PE Sequencing (HiSeq 2500) v4.0
BSK--082,DC-057,FD02700613,FluidX 0.3mL Screw Cap Tube,"{u'index': u'NXIKV2-D  N714-S505 (GCTCATGA-GTAAGGAG)', u'kit': u'Nextera XT Index Kit V 2 - dual-indexing'}",Other,NA,Submitted Library Standard Depth PE Sequencing (HiSeq 2500) v4.0
BSK--083,DC-058,FD02700613,FluidX 0.3mL Screw Cap Tube,"{u'index': u'NXIKV2-D  N714-S506 (GCTCATGA-ACTGCATA)', u'kit': u'Nextera XT Index Kit V 2 - dual-indexing'}",Other,NA,Submitted Library Standard Depth PE Sequencing (HiSeq 2500) v4.0
BSK--084,DC-059,FD02700613,FluidX 0.3mL Screw Cap Tube,"{u'index': u'NXIKV2-D  N714-S507 (GCTCATGA-AAGGAGTA)', u'kit': u'Nextera XT Index Kit V 2 - dual-indexing'}",Other,NA,Submitted Library Standard Depth PE Sequencing (HiSeq 2500) v4.0
BSK--085,DC-060,FD02700613,FluidX 0.3mL Screw Cap Tube,"{u'index': u'NXIKV2-D  N714-S508 (GCTCATGA-CTAAGCCT)', u'kit': u'Nextera XT Index Kit V 2 - dual-indexing'}",Other,NA,Submitted Library Standard Depth PE Sequencing (HiSeq 2500) v4.0
BSK--086,DC-061,FD02700613,FluidX 0.3mL Screw Cap Tube,"{u'index': u'NXIKV2-D  N714-S510 (GCTCATGA-CGTCTAAT)', u'kit': u'Nextera XT Index Kit V 2 - dual-indexing'}",Other,NA,Submitted Library Standard Depth PE Sequencing (HiSeq 2500) v4.0
BSK--087,DC-063,FD02700613,FluidX 0.3mL Screw Cap Tube,"{u'index': u'NXIKV2-D  N714-S511 (GCTCATGA-TCTCTCCG)', u'kit': u'Nextera XT Index Kit V 2 - dual-indexing'}",Other,NA,Submitted Library Standard Depth PE Sequencing (HiSeq 2500) v4.0
BSK--088,DC-064,FD02700613,FluidX 0.3mL Screw Cap Tube,"{u'index': u'NXIKV2-D  N715-S502 (ATCTCAGG-CTCTCTAT)', u'kit': u'Nextera XT Index Kit V 2 - dual-indexing'}",Other,NA,Submitted Library Standard Depth PE Sequencing (HiSeq 2500) v4.0
BSK--089,DC-065,FD02700613,FluidX 0.3mL Screw Cap Tube,"{u'index': u'NXIKV2-D  N715-S503 (ATCTCAGG-TATCCTCT)', u'kit': u'Nextera XT Index Kit V 2 - dual-indexing'}",Other,NA,Submitted Library Standard Depth PE Sequencing (HiSeq 2500) v4.0
BSK--090,DC-067,FD02700613,FluidX 0.3mL Screw Cap Tube,"{u'index': u'NXIKV2-D  N715-S505 (ATCTCAGG-GTAAGGAG)', u'kit': u'Nextera XT Index Kit V 2 - dual-indexing'}",Other,NA,Submitted Library Standard Depth PE Sequencing (HiSeq 2500) v4.0
BSK--091,DC-068,FD02700613,FluidX 0.3mL Screw Cap Tube,"{u'index': u'NXIKV2-D  N715-S506 (ATCTCAGG-ACTGCATA)', u'kit': u'Nextera XT Index Kit V 2 - dual-indexing'}",Other,NA,Submitted Library Standard Depth PE Sequencing (HiSeq 2500) v4.0
BSK--092,DC-070,FD02700613,FluidX 0.3mL Screw Cap Tube,"{u'index': u'NXIKV2-D  N715-S507 (ATCTCAGG-AAGGAGTA)', u'kit': u'Nextera XT Index Kit V 2 - dual-indexing'}",Other,NA,Submitted Library Standard Depth PE Sequencing (HiSeq 2500) v4.0
BSK--093,DC-071,FD02700613,FluidX 0.3mL Screw Cap Tube,"{u'index': u'NXIKV2-D  N715-S508 (ATCTCAGG-CTAAGCCT)', u'kit': u'Nextera XT Index Kit V 2 - dual-indexing'}",Other,NA,Submitted Library Standard Depth PE Sequencing (HiSeq 2500) v4.0
BSK--094,DC-073,FD02700613,FluidX 0.3mL Screw Cap Tube,"{u'index': u'NXIKV2-D  N715-S510 (ATCTCAGG-CGTCTAAT)', u'kit': u'Nextera XT Index Kit V 2 - dual-indexing'}",Other,NA,Submitted Library Standard Depth PE Sequencing (HiSeq 2500) v4.0
BSK--095,DC-074,FD02700613,FluidX 0.3mL Screw Cap Tube,"{u'index': u'NXIKV2-D  N715-S511 (ATCTCAGG-TCTCTCCG)', u'kit': u'Nextera XT Index Kit V 2 - dual-indexing'}",Other,NA,Submitted Library Standard Depth PE Sequencing (HiSeq 2500) v4.0
BSK--096,DC-076,FD02700613,FluidX 0.3mL Screw Cap Tube,"{u'index': u'NXIKV2-D  N701-S513 (TAAGGCGA-TCGACTAG)', u'kit': u'Nextera XT Index Kit V 2 - dual-indexing'}",Other,NA,Submitted Library Standard Depth PE Sequencing (HiSeq 2500) v4.0
BSK--097,DC-077,FD02700613,FluidX 0.3mL Screw Cap Tube,"{u'index': u'NXIKV2-D  N701-S515 (TAAGGCGA-TTCTAGCT)', u'kit': u'Nextera XT Index Kit V 2 - dual-indexing'}",Other,NA,Submitted Library Standard Depth PE Sequencing (HiSeq 2500) v4.0
BSK--098,DC-078,FD02700613,FluidX 0.3mL Screw Cap Tube,"{u'index': u'NXIKV2-D  N701-S516 (TAAGGCGA-CCTAGAGT)', u'kit': u'Nextera XT Index Kit V 2 - dual-indexing'}",Other,NA,Submitted Library Standard Depth PE Sequencing (HiSeq 2500) v4.0
BSK--099,DC-079,FD02700613,FluidX 0.3mL Screw Cap Tube,"{u'index': u'NXIKV2-D  N701-S517 (TAAGGCGA-GCGTAAGA)', u'kit': u'Nextera XT Index Kit V 2 - dual-indexing'}",Other,NA,Submitted Library Standard Depth PE Sequencing (HiSeq 2500) v4.0
BSK--100,DC-080,FD02700613,FluidX 0.3mL Screw Cap Tube,"{u'index': u'NXIKV2-D  N701-S518 (TAAGGCGA-CTATTAAG)', u'kit': u'Nextera XT Index Kit V 2 - dual-indexing'}",Other,NA,Submitted Library Standard Depth PE Sequencing (HiSeq 2500) v4.0
BSK--101,DC-082,FD02700613,FluidX 0.3mL Screw Cap Tube,"{u'index': u'NXIKV2-D  N701-S520 (TAAGGCGA-AAGGCTAT)', u'kit': u'Nextera XT Index Kit V 2 - dual-indexing'}",Other,NA,Submitted Library Standard Depth PE Sequencing (HiSeq 2500) v4.0
BSK--102,DC-083,FD02700613,FluidX 0.3mL Screw Cap Tube,"{u'index': u'NXIKV2-D  N701-S521 (TAAGGCGA-GAGCCTTA)', u'kit': u'Nextera XT Index Kit V 2 - dual-indexing'}",Other,NA,Submitted Library Standard Depth PE Sequencing (HiSeq 2500) v4.0
BSK--103,DC-084,FD02700613,FluidX 0.3mL Screw Cap Tube,"{u'index': u'NXIKV2-D  N701-S522  (TAAGGCGA-TTATGCGA)', u'kit': u'Nextera XT Index Kit V 2 - dual-indexing'}",Other,NA,Submitted Library Standard Depth PE Sequencing (HiSeq 2500) v4.0
BSK--104,DC-085,FD02700613,FluidX 0.3mL Screw Cap Tube,"{u'index': u'NXIKV2-D  N702-S513 (CGTACTAG-TCGACTAG)', u'kit': u'Nextera XT Index Kit V 2 - dual-indexing'}",Other,NA,Submitted Library Standard Depth PE Sequencing (HiSeq 2500) v4.0
BSK--105,DC-087,FD02700613,FluidX 0.3mL Screw Cap Tube,"{u'index': u'NXIKV2-D  N702-S515 (CGTACTAG-TTCTAGCT)', u'kit': u'Nextera XT Index Kit V 2 - dual-indexing'}",Other,NA,Submitted Library Standard Depth PE Sequencing (HiSeq 2500) v4.0
BSK--106,DC-088,FD02700613,FluidX 0.3mL Screw Cap Tube,"{u'index': u'NXIKV2-D  N702-S516 (CGTACTAG-CCTAGAGT)', u'kit': u'Nextera XT Index Kit V 2 - dual-indexing'}",Other,NA,Submitted Library Standard Depth PE Sequencing (HiSeq 2500) v4.0
BSK--107,DC-089,FD02700613,FluidX 0.3mL Screw Cap Tube,"{u'index': u'NXIKV2-D  N702-S517 (CGTACTAG-GCGTAAGA)', u'kit': u'Nextera XT Index Kit V 2 - dual-indexing'}",Other,NA,Submitted Library Standard Depth PE Sequencing (HiSeq 2500) v4.0
BSK--108,DC-091,FD02700613,FluidX 0.3mL Screw Cap Tube,"{u'index': u'NXIKV2-D  N702-S518 (CGTACTAG-CTATTAAG)', u'kit': u'Nextera XT Index Kit V 2 - dual-indexing'}",Other,NA,Submitted Library Standard Depth PE Sequencing (HiSeq 2500) v4.0
BSK--109,DC-092,FD02700613,FluidX 0.3mL Screw Cap Tube,"{u'index': u'NXIKV2-D  N702-S520 (CGTACTAG-AAGGCTAT)', u'kit': u'Nextera XT Index Kit V 2 - dual-indexing'}",Other,NA,Submitted Library Standard Depth PE Sequencing (HiSeq 2500) v4.0
BSK--110,DC-093,FD02700613,FluidX 0.3mL Screw Cap Tube,"{u'index': u'NXIKV2-D  N702-S521 (CGTACTAG-GAGCCTTA)', u'kit': u'Nextera XT Index Kit V 2 - dual-indexing'}",Other,NA,Submitted Library Standard Depth PE Sequencing (HiSeq 2500) v4.0
BSK--111,DC-094,FD02700613,FluidX 0.3mL Screw Cap Tube,"{u'index': u'NXIKV2-D  N702-S522  (CGTACTAG-TTATGCGA)', u'kit': u'Nextera XT Index Kit V 2 - dual-indexing'}",Other,NA,Submitted Library Standard Depth PE Sequencing (HiSeq 2500) v4.0
BSK--112,DC-095,FD02700613,FluidX 0.3mL Screw Cap Tube,"{u'index': u'NXIKV2-D  N703-S513 (AGGCAGAA-TCGACTAG)', u'kit': u'Nextera XT Index Kit V 2 - dual-indexing'}",Other,NA,Submitted Library Standard Depth PE Sequencing (HiSeq 2500) v4.0
BSK--113,DC-096,FD02700613,FluidX 0.3mL Screw Cap Tube,"{u'index': u'NXIKV2-D  N703-S515 (AGGCAGAA-TTCTAGCT)', u'kit': u'Nextera XT Index Kit V 2 - dual-indexing'}",Other,NA,Submitted Library Standard Depth PE Sequencing (HiSeq 2500) v4.0
BSK--114,DC-097,FD02700613,FluidX 0.3mL Screw Cap Tube,"{u'index': u'NXIKV2-D  N703-S516 (AGGCAGAA-CCTAGAGT)', u'kit': u'Nextera XT Index Kit V 2 - dual-indexing'}",Other,NA,Submitted Library Standard Depth PE Sequencing (HiSeq 2500) v4.0
BSK--115,DC-098,FD02700613,FluidX 0.3mL Screw Cap Tube,"{u'index': u'NXIKV2-D  N703-S517 (AGGCAGAA-GCGTAAGA)', u'kit': u'Nextera XT Index Kit V 2 - dual-indexing'}",Other,NA,Submitted Library Standard Depth PE Sequencing (HiSeq 2500) v4.0
BSK--116,DC-099,FD02700613,FluidX 0.3mL Screw Cap Tube,"{u'index': u'NXIKV2-D  N703-S518 (AGGCAGAA-CTATTAAG)', u'kit': u'Nextera XT Index Kit V 2 - dual-indexing'}",Other,NA,Submitted Library Standard Depth PE Sequencing (HiSeq 2500) v4.0
BSK--117,DC-100,FD02700613,FluidX 0.3mL Screw Cap Tube,"{u'index': u'NXIKV2-D  N703-S520 (AGGCAGAA-AAGGCTAT)', u'kit': u'Nextera XT Index Kit V 2 - dual-indexing'}",Other,NA,Submitted Library Standard Depth PE Sequencing (HiSeq 2500) v4.0
BSK--118,DC-101,FD02700613,FluidX 0.3mL Screw Cap Tube,"{u'index': u'NXIKV2-D  N703-S521 (AGGCAGAA-GAGCCTTA)', u'kit': u'Nextera XT Index Kit V 2 - dual-indexing'}",Other,NA,Submitted Library Standard Depth PE Sequencing (HiSeq 2500) v4.0
BSK--119,DC-105,FD02700613,FluidX 0.3mL Screw Cap Tube,"{u'index': u'NXIKV2-D  N703-S522  (AGGCAGAA-TTATGCGA)', u'kit': u'Nextera XT Index Kit V 2 - dual-indexing'}",Other,NA,Submitted Library Standard Depth PE Sequencing (HiSeq 2500) v4.0
BSK--120,DC-106,FD02700613,FluidX 0.3mL Screw Cap Tube,"{u'index': u'NXIKV2-D  N704-S513 (TCCTGAGC-TCGACTAG)', u'kit': u'Nextera XT Index Kit V 2 - dual-indexing'}",Other,NA,Submitted Library Standard Depth PE Sequencing (HiSeq 2500) v4.0
BSK--121,DC-108,FD02700613,FluidX 0.3mL Screw Cap Tube,"{u'index': u'NXIKV2-D  N704-S515 (TCCTGAGC-TTCTAGCT)', u'kit': u'Nextera XT Index Kit V 2 - dual-indexing'}",Other,NA,Submitted Library Standard Depth PE Sequencing (HiSeq 2500) v4.0
BSK--122,DC-109,FD02700613,FluidX 0.3mL Screw Cap Tube,"{u'index': u'NXIKV2-D  N704-S516 (TCCTGAGC-CCTAGAGT)', u'kit': u'Nextera XT Index Kit V 2 - dual-indexing'}",Other,NA,Submitted Library Standard Depth PE Sequencing (HiSeq 2500) v4.0
BSK--123,DC-110,FD02700613,FluidX 0.3mL Screw Cap Tube,"{u'index': u'NXIKV2-D  N704-S517 (TCCTGAGC-GCGTAAGA)', u'kit': u'Nextera XT Index Kit V 2 - dual-indexing'}",Other,NA,Submitted Library Standard Depth PE Sequencing (HiSeq 2500) v4.0
BSK--124,DC-113,FD02700613,FluidX 0.3mL Screw Cap Tube,"{u'index': u'NXIKV2-D  N704-S518 (TCCTGAGC-CTATTAAG)', u'kit': u'Nextera XT Index Kit V 2 - dual-indexing'}",Other,NA,Submitted Library Standard Depth PE Sequencing (HiSeq 2500) v4.0
BSK--125,DC-114,FD02700613,FluidX 0.3mL Screw Cap Tube,"{u'index': u'NXIKV2-D  N704-S520 (TCCTGAGC-AAGGCTAT)', u'kit': u'Nextera XT Index Kit V 2 - dual-indexing'}",Other,NA,Submitted Library Standard Depth PE Sequencing (HiSeq 2500) v4.0
BSK--126,DC-115,FD02700613,FluidX 0.3mL Screw Cap Tube,"{u'index': u'NXIKV2-D  N704-S521 (TCCTGAGC-GAGCCTTA)', u'kit': u'Nextera XT Index Kit V 2 - dual-indexing'}",Other,NA,Submitted Library Standard Depth PE Sequencing (HiSeq 2500) v4.0
BSK--127,DC-116,FD02700613,FluidX 0.3mL Screw Cap Tube,"{u'index': u'NXIKV2-D  N704-S522  (TCCTGAGC-TTATGCGA)', u'kit': u'Nextera XT Index Kit V 2 - dual-indexing'}",Other,NA,Submitted Library Standard Depth PE Sequencing (HiSeq 2500) v4.0
BSK--128,DC-118,FD02700613,FluidX 0.3mL Screw Cap Tube,"{u'index': u'NXIKV2-D  N705-S513 (GGACTCCT-TCGACTAG)', u'kit': u'Nextera XT Index Kit V 2 - dual-indexing'}",Other,NA,Submitted Library Standard Depth PE Sequencing (HiSeq 2500) v4.0
BSK--129,DC-120,FD02700613,FluidX 0.3mL Screw Cap Tube,"{u'index': u'NXIKV2-D  N705-S515 (GGACTCCT-TTCTAGCT)', u'kit': u'Nextera XT Index Kit V 2 - dual-indexing'}",Other,NA,Submitted Library Standard Depth PE Sequencing (HiSeq 2500) v4.0
BSK--130,DC-121,FD02700613,FluidX 0.3mL Screw Cap Tube,"{u'index': u'NXIKV2-D  N705-S516 (GGACTCCT-CCTAGAGT)', u'kit': u'Nextera XT Index Kit V 2 - dual-indexing'}",Other,NA,Submitted Library Standard Depth PE Sequencing (HiSeq 2500) v4.0
BSK--131,DC-123,FD02700613,FluidX 0.3mL Screw Cap Tube,"{u'index': u'NXIKV2-D  N705-S517 (GGACTCCT-GCGTAAGA)', u'kit': u'Nextera XT Index Kit V 2 - dual-indexing'}",Other,NA,Submitted Library Standard Depth PE Sequencing (HiSeq 2500) v4.0
BSK--132,DC-124,FD02700613,FluidX 0.3mL Screw Cap Tube,"{u'index': u'NXIKV2-D  N705-S518 (GGACTCCT-CTATTAAG)', u'kit': u'Nextera XT Index Kit V 2 - dual-indexing'}",Other,NA,Submitted Library Standard Depth PE Sequencing (HiSeq 2500) v4.0
BSK--133,DC-125,FD02700613,FluidX 0.3mL Screw Cap Tube,"{u'index': u'NXIKV2-D  N705-S520 (GGACTCCT-AAGGCTAT)', u'kit': u'Nextera XT Index Kit V 2 - dual-indexing'}",Other,NA,Submitted Library Standard Depth PE Sequencing (HiSeq 2500) v4.0
BSK--134,DC-127,FD02700613,FluidX 0.3mL Screw Cap Tube,"{u'index': u'NXIKV2-D  N705-S521 (GGACTCCT-GAGCCTTA)', u'kit': u'Nextera XT Index Kit V 2 - dual-indexing'}",Other,NA,Submitted Library Standard Depth PE Sequencing (HiSeq 2500) v4.0
BSK--135,DC-128,FD02700613,FluidX 0.3mL Screw Cap Tube,"{u'index': u'NXIKV2-D  N705-S522  (GGACTCCT-TTATGCGA)', u'kit': u'Nextera XT Index Kit V 2 - dual-indexing'}",Other,NA,Submitted Library Standard Depth PE Sequencing (HiSeq 2500) v4.0
BSK--136,DC-129,FD02700613,FluidX 0.3mL Screw Cap Tube,"{u'index': u'NXIKV2-D  N706-S513 (TAGGCATG-TCGACTAG)', u'kit': u'Nextera XT Index Kit V 2 - dual-indexing'}",Other,NA,Submitted Library Standard Depth PE Sequencing (HiSeq 2500) v4.0
BSK--137,DC-130,FD02700613,FluidX 0.3mL Screw Cap Tube,"{u'index': u'NXIKV2-D  N706-S515 (TAGGCATG-TTCTAGCT)', u'kit': u'Nextera XT Index Kit V 2 - dual-indexing'}",Other,NA,Submitted Library Standard Depth PE Sequencing (HiSeq 2500) v4.0
BSK--138,DC-131,FD02700613,FluidX 0.3mL Screw Cap Tube,"{u'index': u'NXIKV2-D  N706-S516 (TAGGCATG-CCTAGAGT)', u'kit': u'Nextera XT Index Kit V 2 - dual-indexing'}",Other,NA,Submitted Library Standard Depth PE Sequencing (HiSeq 2500) v4.0
BSK--139,DC-133,FD02700613,FluidX 0.3mL Screw Cap Tube,"{u'index': u'NXIKV2-D  N706-S517 (TAGGCATG-GCGTAAGA)', u'kit': u'Nextera XT Index Kit V 2 - dual-indexing'}",Other,NA,Submitted Library Standard Depth PE Sequencing (HiSeq 2500) v4.0
BSK--140,DC-134,FD02700613,FluidX 0.3mL Screw Cap Tube,"{u'index': u'NXIKV2-D  N706-S518 (TAGGCATG-CTATTAAG)', u'kit': u'Nextera XT Index Kit V 2 - dual-indexing'}",Other,NA,Submitted Library Standard Depth PE Sequencing (HiSeq 2500) v4.0
BSK--141,DC-135,FD02700613,FluidX 0.3mL Screw Cap Tube,"{u'index': u'NXIKV2-D  N706-S520 (TAGGCATG-AAGGCTAT)', u'kit': u'Nextera XT Index Kit V 2 - dual-indexing'}",Other,NA,Submitted Library Standard Depth PE Sequencing (HiSeq 2500) v4.0
BSK--142,DC-136,FD02700613,FluidX 0.3mL Screw Cap Tube,"{u'index': u'NXIKV2-D  N706-S521 (TAGGCATG-GAGCCTTA)', u'kit': u'Nextera XT Index Kit V 2 - dual-indexing'}",Other,NA,Submitted Library Standard Depth PE Sequencing (HiSeq 2500) v4.0
BSK--143,DC-137,FD02700613,FluidX 0.3mL Screw Cap Tube,"{u'index': u'NXIKV2-D  N706-S522  (TAGGCATG-TTATGCGA)', u'kit': u'Nextera XT Index Kit V 2 - dual-indexing'}",Other,NA,Submitted Library Standard Depth PE Sequencing (HiSeq 2500) v4.0
BSK--144,DC-139,FD02700613,FluidX 0.3mL Screw Cap Tube,"{u'index': u'NXIKV2-D  N707-S513 (CTCTCTAC-TCGACTAG)', u'kit': u'Nextera XT Index Kit V 2 - dual-indexing'}",Other,NA,Submitted Library Standard Depth PE Sequencing (HiSeq 2500) v4.0
BSK--145,DC-140,FD02700613,FluidX 0.3mL Screw Cap Tube,"{u'index': u'NXIKV2-D  N707-S515 (CTCTCTAC-TTCTAGCT)', u'kit': u'Nextera XT Index Kit V 2 - dual-indexing'}",Other,NA,Submitted Library Standard Depth PE Sequencing (HiSeq 2500) v4.0
BSK--146,DC-141,FD02700613,FluidX 0.3mL Screw Cap Tube,"{u'index': u'NXIKV2-D  N707-S516 (CTCTCTAC-CCTAGAGT)', u'kit': u'Nextera XT Index Kit V 2 - dual-indexing'}",Other,NA,Submitted Library Standard Depth PE Sequencing (HiSeq 2500) v4.0
BSK--147,DC-142,FD02700613,FluidX 0.3mL Screw Cap Tube,"{u'index': u'NXIKV2-D  N707-S517 (CTCTCTAC-GCGTAAGA)', u'kit': u'Nextera XT Index Kit V 2 - dual-indexing'}",Other,NA,Submitted Library Standard Depth PE Sequencing (HiSeq 2500) v4.0
BSK--148,DC-143,FD02700613,FluidX 0.3mL Screw Cap Tube,"{u'index': u'NXIKV2-D  N707-S518 (CTCTCTAC-CTATTAAG)', u'kit': u'Nextera XT Index Kit V 2 - dual-indexing'}",Other,NA,Submitted Library Standard Depth PE Sequencing (HiSeq 2500) v4.0
BSK--149,DC-144,FD02700613,FluidX 0.3mL Screw Cap Tube,"{u'index': u'NXIKV2-D  N707-S520 (CTCTCTAC-AAGGCTAT)', u'kit': u'Nextera XT Index Kit V 2 - dual-indexing'}",Other,NA,Submitted Library Standard Depth PE Sequencing (HiSeq 2500) v4.0
BSK--150,DC-145,FD02700613,FluidX 0.3mL Screw Cap Tube,"{u'index': u'NXIKV2-D  N707-S521 (CTCTCTAC-GAGCCTTA)', u'kit': u'Nextera XT Index Kit V 2 - dual-indexing'}",Other,NA,Submitted Library Standard Depth PE Sequencing (HiSeq 2500) v4.0
BSK--151,DC-146,FD02700613,FluidX 0.3mL Screw Cap Tube,"{u'index': u'NXIKV2-D  N707-S522  (CTCTCTAC-TTATGCGA)', u'kit': u'Nextera XT Index Kit V 2 - dual-indexing'}",Other,NA,Submitted Library Standard Depth PE Sequencing (HiSeq 2500) v4.0
BSK--152,DC-147,FD02700613,FluidX 0.3mL Screw Cap Tube,"{u'index': u'NXIKV2-D  N710-S513 (CGAGGCTG-TCGACTAG)', u'kit': u'Nextera XT Index Kit V 2 - dual-indexing'}",Other,NA,Submitted Library Standard Depth PE Sequencing (HiSeq 2500) v4.0
BSK--153,DC-148,FD02700613,FluidX 0.3mL Screw Cap Tube,"{u'index': u'NXIKV2-D  N710-S515 (CGAGGCTG-TTCTAGCT)', u'kit': u'Nextera XT Index Kit V 2 - dual-indexing'}",Other,NA,Submitted Library Standard Depth PE Sequencing (HiSeq 2500) v4.0
BSK--154,DC-149,FD02700613,FluidX 0.3mL Screw Cap Tube,"{u'index': u'NXIKV2-D  N710-S516 (CGAGGCTG-CCTAGAGT)', u'kit': u'Nextera XT Index Kit V 2 - dual-indexing'}",Other,NA,Submitted Library Standard Depth PE Sequencing (HiSeq 2500) v4.0
BSK--155,DC-152,FD02700613,FluidX 0.3mL Screw Cap Tube,"{u'index': u'NXIKV2-D  N710-S517 (CGAGGCTG-GCGTAAGA)', u'kit': u'Nextera XT Index Kit V 2 - dual-indexing'}",Other,NA,Submitted Library Standard Depth PE Sequencing (HiSeq 2500) v4.0
BSK--156,DC-154,FD02700613,FluidX 0.3mL Screw Cap Tube,"{u'index': u'NXIKV2-D  N710-S518 (CGAGGCTG-CTATTAAG)', u'kit': u'Nextera XT Index Kit V 2 - dual-indexing'}",Other,NA,Submitted Library Standard Depth PE Sequencing (HiSeq 2500) v4.0
BSK--157,DC-156,FD02700613,FluidX 0.3mL Screw Cap Tube,"{u'index': u'NXIKV2-D  N710-S520 (CGAGGCTG-AAGGCTAT)', u'kit': u'Nextera XT Index Kit V 2 - dual-indexing'}",Other,NA,Submitted Library Standard Depth PE Sequencing (HiSeq 2500) v4.0
BSK--158,DC-159,FD02700613,FluidX 0.3mL Screw Cap Tube,"{u'index': u'NXIKV2-D  N710-S521 (CGAGGCTG-GAGCCTTA)', u'kit': u'Nextera XT Index Kit V 2 - dual-indexing'}",Other,NA,Submitted Library Standard Depth PE Sequencing (HiSeq 2500) v4.0
BSK--159,DC-161,FD02700613,FluidX 0.3mL Screw Cap Tube,"{u'index': u'NXIKV2-D  N710-S522  (CGAGGCTG-TTATGCGA)', u'kit': u'Nextera XT Index Kit V 2 - dual-indexing'}",Other,NA,Submitted Library Standard Depth PE Sequencing (HiSeq 2500) v4.0
BSK--160,DC-162,FD02700613,FluidX 0.3mL Screw Cap Tube,"{u'index': u'NXIKV2-D  N711-S513 (AAGAGGCA-TCGACTAG)', u'kit': u'Nextera XT Index Kit V 2 - dual-indexing'}",Other,NA,Submitted Library Standard Depth PE Sequencing (HiSeq 2500) v4.0
BSK--161,DC-163,FD02700613,FluidX 0.3mL Screw Cap Tube,"{u'index': u'NXIKV2-D  N711-S515 (AAGAGGCA-TTCTAGCT)', u'kit': u'Nextera XT Index Kit V 2 - dual-indexing'}",Other,NA,Submitted Library Standard Depth PE Sequencing (HiSeq 2500) v4.0
BSK--162,DC-164,FD02700613,FluidX 0.3mL Screw Cap Tube,"{u'index': u'NXIKV2-D  N711-S516 (AAGAGGCA-CCTAGAGT)', u'kit': u'Nextera XT Index Kit V 2 - dual-indexing'}",Other,NA,Submitted Library Standard Depth PE Sequencing (HiSeq 2500) v4.0
BSK--163,DC-165,FD02700613,FluidX 0.3mL Screw Cap Tube,"{u'index': u'NXIKV2-D  N711-S517 (AAGAGGCA-GCGTAAGA)', u'kit': u'Nextera XT Index Kit V 2 - dual-indexing'}",Other,NA,Submitted Library Standard Depth PE Sequencing (HiSeq 2500) v4.0
BSK--164,DC-166,FD02700613,FluidX 0.3mL Screw Cap Tube,"{u'index': u'NXIKV2-D  N711-S518 (AAGAGGCA-CTATTAAG)', u'kit': u'Nextera XT Index Kit V 2 - dual-indexing'}",Other,NA,Submitted Library Standard Depth PE Sequencing (HiSeq 2500) v4.0
BSK--165,DC-167,FD02700613,FluidX 0.3mL Screw Cap Tube,"{u'index': u'NXIKV2-D  N711-S520 (AAGAGGCA-AAGGCTAT)', u'kit': u'Nextera XT Index Kit V 2 - dual-indexing'}",Other,NA,Submitted Library Standard Depth PE Sequencing (HiSeq 2500) v4.0
BSK--166,DC-168,FD02700613,FluidX 0.3mL Screw Cap Tube,"{u'index': u'NXIKV2-D  N711-S521 (AAGAGGCA-GAGCCTTA)', u'kit': u'Nextera XT Index Kit V 2 - dual-indexing'}",Other,NA,Submitted Library Standard Depth PE Sequencing (HiSeq 2500) v4.0
BSK--167,DC-169,FD02700613,FluidX 0.3mL Screw Cap Tube,"{u'index': u'NXIKV2-D  N711-S522  (AAGAGGCA-TTATGCGA)', u'kit': u'Nextera XT Index Kit V 2 - dual-indexing'}",Other,NA,Submitted Library Standard Depth PE Sequencing (HiSeq 2500) v4.0
BSK--168,DC-170,FD02700613,FluidX 0.3mL Screw Cap Tube,"{u'index': u'NXIKV2-D  N712-S513 (GTAGAGGA-TCGACTAG)', u'kit': u'Nextera XT Index Kit V 2 - dual-indexing'}",Other,NA,Submitted Library Standard Depth PE Sequencing (HiSeq 2500) v4.0
BSK--169,DC-173,FD02700613,FluidX 0.3mL Screw Cap Tube,"{u'index': u'NXIKV2-D  N712-S515 (GTAGAGGA-TTCTAGCT)', u'kit': u'Nextera XT Index Kit V 2 - dual-indexing'}",Other,NA,Submitted Library Standard Depth PE Sequencing (HiSeq 2500) v4.0
BSK--170,DC-174,FD02700613,FluidX 0.3mL Screw Cap Tube,"{u'index': u'NXIKV2-D  N712-S516 (GTAGAGGA-CCTAGAGT)', u'kit': u'Nextera XT Index Kit V 2 - dual-indexing'}",Other,NA,Submitted Library Standard Depth PE Sequencing (HiSeq 2500) v4.0
BSK--171,DC-176,FD02700613,FluidX 0.3mL Screw Cap Tube,"{u'index': u'NXIKV2-D  N712-S517 (GTAGAGGA-GCGTAAGA)', u'kit': u'Nextera XT Index Kit V 2 - dual-indexing'}",Other,NA,Submitted Library Standard Depth PE Sequencing (HiSeq 2500) v4.0
BSK--172,DC-177,FD02700613,FluidX 0.3mL Screw Cap Tube,"{u'index': u'NXIKV2-D  N712-S518 (GTAGAGGA-CTATTAAG)', u'kit': u'Nextera XT Index Kit V 2 - dual-indexing'}",Other,NA,Submitted Library Standard Depth PE Sequencing (HiSeq 2500) v4.0
BSK--173,DC-178,FD02700613,FluidX 0.3mL Screw Cap Tube,"{u'index': u'NXIKV2-D  N712-S520 (GTAGAGGA-AAGGCTAT)', u'kit': u'Nextera XT Index Kit V 2 - dual-indexing'}",Other,NA,Submitted Library Standard Depth PE Sequencing (HiSeq 2500) v4.0
BSK--174,DC-181,FD02700613,FluidX 0.3mL Screw Cap Tube,"{u'index': u'NXIKV2-D  N712-S521 (GTAGAGGA-GAGCCTTA)', u'kit': u'Nextera XT Index Kit V 2 - dual-indexing'}",Other,NA,Submitted Library Standard Depth PE Sequencing (HiSeq 2500) v4.0
BSK--175,DC-182,FD02700613,FluidX 0.3mL Screw Cap Tube,"{u'index': u'NXIKV2-D  N712-S522  (GTAGAGGA-TTATGCGA)', u'kit': u'Nextera XT Index Kit V 2 - dual-indexing'}",Other,NA,Submitted Library Standard Depth PE Sequencing (HiSeq 2500) v4.0
BSK--176,DC-184,FD02700613,FluidX 0.3mL Screw Cap Tube,"{u'index': u'NXIKV2-D  N714-S513 (GCTCATGA-TCGACTAG)', u'kit': u'Nextera XT Index Kit V 2 - dual-indexing'}",Other,NA,Submitted Library Standard Depth PE Sequencing (HiSeq 2500) v4.0
BSK--177,DC-185,FD02700613,FluidX 0.3mL Screw Cap Tube,"{u'index': u'NXIKV2-D  N714-S515 (GCTCATGA-TTCTAGCT)', u'kit': u'Nextera XT Index Kit V 2 - dual-indexing'}",Other,NA,Submitted Library Standard Depth PE Sequencing (HiSeq 2500) v4.0
BSK--178,DC-187,FD02700613,FluidX 0.3mL Screw Cap Tube,"{u'index': u'NXIKV2-D  N714-S516 (GCTCATGA-CCTAGAGT)', u'kit': u'Nextera XT Index Kit V 2 - dual-indexing'}",Other,NA,Submitted Library Standard Depth PE Sequencing (HiSeq 2500) v4.0
BSK--179,DC-192,FD02700613,FluidX 0.3mL Screw Cap Tube,"{u'index': u'NXIKV2-D  N714-S517 (GCTCATGA-GCGTAAGA)', u'kit': u'Nextera XT Index Kit V 2 - dual-indexing'}",Other,NA,Submitted Library Standard Depth PE Sequencing (HiSeq 2500) v4.0
BSK--180,DC-193,FD02700613,FluidX 0.3mL Screw Cap Tube,"{u'index': u'NXIKV2-D  N714-S518 (GCTCATGA-CTATTAAG)', u'kit': u'Nextera XT Index Kit V 2 - dual-indexing'}",Other,NA,Submitted Library Standard Depth PE Sequencing (HiSeq 2500) v4.0
BSK--181,DC-194,FD02700613,FluidX 0.3mL Screw Cap Tube,"{u'index': u'NXIKV2-D  N714-S520 (GCTCATGA-AAGGCTAT)', u'kit': u'Nextera XT Index Kit V 2 - dual-indexing'}",Other,NA,Submitted Library Standard Depth PE Sequencing (HiSeq 2500) v4.0
BSK--182,DC-195,FD02700613,FluidX 0.3mL Screw Cap Tube,"{u'index': u'NXIKV2-D  N714-S521 (GCTCATGA-GAGCCTTA)', u'kit': u'Nextera XT Index Kit V 2 - dual-indexing'}",Other,NA,Submitted Library Standard Depth PE Sequencing (HiSeq 2500) v4.0
BSK--183,DC-197,FD02700613,FluidX 0.3mL Screw Cap Tube,"{u'index': u'NXIKV2-D  N714-S522  (GCTCATGA-TTATGCGA)', u'kit': u'Nextera XT Index Kit V 2 - dual-indexing'}",Other,NA,Submitted Library Standard Depth PE Sequencing (HiSeq 2500) v4.0
BSK--184,DC-198,FD02700613,FluidX 0.3mL Screw Cap Tube,"{u'index': u'NXIKV2-D  N715-S513 (ATCTCAGG-TCGACTAG)', u'kit': u'Nextera XT Index Kit V 2 - dual-indexing'}",Other,NA,Submitted Library Standard Depth PE Sequencing (HiSeq 2500) v4.0
BSK--185,DC-199,FD02700613,FluidX 0.3mL Screw Cap Tube,"{u'index': u'NXIKV2-D  N715-S515 (ATCTCAGG-TTCTAGCT)', u'kit': u'Nextera XT Index Kit V 2 - dual-indexing'}",Other,NA,Submitted Library Standard Depth PE Sequencing (HiSeq 2500) v4.0
BSK--186,DC-200,FD02700613,FluidX 0.3mL Screw Cap Tube,"{u'index': u'NXIKV2-D  N715-S516 (ATCTCAGG-CCTAGAGT)', u'kit': u'Nextera XT Index Kit V 2 - dual-indexing'}",Other,NA,Submitted Library Standard Depth PE Sequencing (HiSeq 2500) v4.0
BSK--187,DC-201,FD02700613,FluidX 0.3mL Screw Cap Tube,"{u'index': u'NXIKV2-D  N715-S517 (ATCTCAGG-GCGTAAGA)', u'kit': u'Nextera XT Index Kit V 2 - dual-indexing'}",Other,NA,Submitted Library Standard Depth PE Sequencing (HiSeq 2500) v4.0
BSK--188,DC-202,FD02700613,FluidX 0.3mL Screw Cap Tube,"{u'index': u'NXIKV2-D  N715-S518 (ATCTCAGG-CTATTAAG)', u'kit': u'Nextera XT Index Kit V 2 - dual-indexing'}",Other,NA,Submitted Library Standard Depth PE Sequencing (HiSeq 2500) v4.0
BSK--189,DC-203,FD02700613,FluidX 0.3mL Screw Cap Tube,"{u'index': u'NXIKV2-D  N715-S520 (ATCTCAGG-AAGGCTAT)', u'kit': u'Nextera XT Index Kit V 2 - dual-indexing'}",Other,NA,Submitted Library Standard Depth PE Sequencing (HiSeq 2500) v4.0
BSK--190,DC-204,FD02700613,FluidX 0.3mL Screw Cap Tube,"{u'index': u'NXIKV2-D  N715-S521 (ATCTCAGG-GAGCCTTA)', u'kit': u'Nextera XT Index Kit V 2 - dual-indexing'}",Other,NA,Submitted Library Standard Depth PE Sequencing (HiSeq 2500) v4.0
BSK--191,DC-206,FD02700613,FluidX 0.3mL Screw Cap Tube,"{u'index': u'NXIKV2-D  N715-S522  (ATCTCAGG-TTATGCGA)', u'kit': u'Nextera XT Index Kit V 2 - dual-indexing'}",Other,NA,Submitted Library Standard Depth PE Sequencing (HiSeq 2500) v4.0
BSK--192,DC-207,FD02700613,FluidX 0.3mL Screw Cap Tube,"{u'index': u'NXIKV2-D  N716-S502 (ACTCGCTA-CTCTCTAT)', u'kit': u'Nextera XT Index Kit V 2 - dual-indexing'}",Other,NA,Submitted Library Standard Depth PE Sequencing (HiSeq 2500) v4.0
BSK--193,DC-209,FD02700613,FluidX 0.3mL Screw Cap Tube,"{u'index': u'NXIKV2-D  N716-S503 (ACTCGCTA-TATCCTCT)', u'kit': u'Nextera XT Index Kit V 2 - dual-indexing'}",Other,NA,Submitted Library Standard Depth PE Sequencing (HiSeq 2500) v4.0
BSK--194,DC-212,FD02700613,FluidX 0.3mL Screw Cap Tube,"{u'index': u'NXIKV2-D  N716-S505 (ACTCGCTA-GTAAGGAG)', u'kit': u'Nextera XT Index Kit V 2 - dual-indexing'}",Other,NA,Submitted Library Standard Depth PE Sequencing (HiSeq 2500) v4.0
BSK--195,DC-213,FD02700613,FluidX 0.3mL Screw Cap Tube,"{u'index': u'NXIKV2-D  N716-S506 (ACTCGCTA-ACTGCATA)', u'kit': u'Nextera XT Index Kit V 2 - dual-indexing'}",Other,NA,Submitted Library Standard Depth PE Sequencing (HiSeq 2500) v4.0
BSK--196,DC-214,FD02700613,FluidX 0.3mL Screw Cap Tube,"{u'index': u'NXIKV2-D  N716-S507 (ACTCGCTA-AAGGAGTA)', u'kit': u'Nextera XT Index Kit V 2 - dual-indexing'}",Other,NA,Submitted Library Standard Depth PE Sequencing (HiSeq 2500) v4.0
BSK--197,DC-215,FD02700613,FluidX 0.3mL Screw Cap Tube,"{u'index': u'NXIKV2-D  N716-S508 (ACTCGCTA-CTAAGCCT)', u'kit': u'Nextera XT Index Kit V 2 - dual-indexing'}",Other,NA,Submitted Library Standard Depth PE Sequencing (HiSeq 2500) v4.0
BSK--198,DC-216,FD02700613,FluidX 0.3mL Screw Cap Tube,"{u'index': u'NXIKV2-D  N716-S510 (ACTCGCTA-CGTCTAAT)', u'kit': u'Nextera XT Index Kit V 2 - dual-indexing'}",Other,NA,Submitted Library Standard Depth PE Sequencing (HiSeq 2500) v4.0
BSK--199,DC-217,FD02700613,FluidX 0.3mL Screw Cap Tube,"{u'index': u'NXIKV2-D  N716-S511 (ACTCGCTA-TCTCTCCG)', u'kit': u'Nextera XT Index Kit V 2 - dual-indexing'}",Other,NA,Submitted Library Standard Depth PE Sequencing (HiSeq 2500) v4.0
BSK--200,DC-218,FD02700613,FluidX 0.3mL Screw Cap Tube,"{u'index': u'NXIKV2-D  N718-S502 (GGAGCTAC-CTCTCTAT)', u'kit': u'Nextera XT Index Kit V 2 - dual-indexing'}",Other,NA,Submitted Library Standard Depth PE Sequencing (HiSeq 2500) v4.0
BSK--201,DC-220,FD02700613,FluidX 0.3mL Screw Cap Tube,"{u'index': u'NXIKV2-D  N718-S503 (GGAGCTAC-TATCCTCT)', u'kit': u'Nextera XT Index Kit V 2 - dual-indexing'}",Other,NA,Submitted Library Standard Depth PE Sequencing (HiSeq 2500) v4.0
BSK--202,DC-221,FD02700613,FluidX 0.3mL Screw Cap Tube,"{u'index': u'NXIKV2-D  N718-S505 (GGAGCTAC-GTAAGGAG)', u'kit': u'Nextera XT Index Kit V 2 - dual-indexing'}",Other,NA,Submitted Library Standard Depth PE Sequencing (HiSeq 2500) v4.0
BSK--203,DC-222,FD02700613,FluidX 0.3mL Screw Cap Tube,"{u'index': u'NXIKV2-D  N718-S506 (GGAGCTAC-ACTGCATA)', u'kit': u'Nextera XT Index Kit V 2 - dual-indexing'}",Other,NA,Submitted Library Standard Depth PE Sequencing (HiSeq 2500) v4.0
BSK--204,DC-223,FD02700613,FluidX 0.3mL Screw Cap Tube,"{u'index': u'NXIKV2-D  N718-S507 (GGAGCTAC-AAGGAGTA)', u'kit': u'Nextera XT Index Kit V 2 - dual-indexing'}",Other,NA,Submitted Library Standard Depth PE Sequencing (HiSeq 2500) v4.0
BSK--205,DC-224,FD02700613,FluidX 0.3mL Screw Cap Tube,"{u'index': u'NXIKV2-D  N718-S508 (GGAGCTAC-CTAAGCCT)', u'kit': u'Nextera XT Index Kit V 2 - dual-indexing'}",Other,NA,Submitted Library Standard Depth PE Sequencing (HiSeq 2500) v4.0
BSK--206,DC-226,FD02700613,FluidX 0.3mL Screw Cap Tube,"{u'index': u'NXIKV2-D  N718-S510 (GGAGCTAC-CGTCTAAT)', u'kit': u'Nextera XT Index Kit V 2 - dual-indexing'}",Other,NA,Submitted Library Standard Depth PE Sequencing (HiSeq 2500) v4.0
BSK--207,DC-228,FD02700613,FluidX 0.3mL Screw Cap Tube,"{u'index': u'NXIKV2-D  N718-S511 (GGAGCTAC-TCTCTCCG)', u'kit': u'Nextera XT Index Kit V 2 - dual-indexing'}",Other,NA,Submitted Library Standard Depth PE Sequencing (HiSeq 2500) v4.0
BSK--208,DC-229,FD02700613,FluidX 0.3mL Screw Cap Tube,"{u'index': u'NXIKV2-D  N719-S502 (GCGTAGTA-CTCTCTAT)', u'kit': u'Nextera XT Index Kit V 2 - dual-indexing'}",Other,NA,Submitted Library Standard Depth PE Sequencing (HiSeq 2500) v4.0
BSK--209,DC-231,FD02700613,FluidX 0.3mL Screw Cap Tube,"{u'index': u'NXIKV2-D  N719-S503 (GCGTAGTA-TATCCTCT)', u'kit': u'Nextera XT Index Kit V 2 - dual-indexing'}",Other,NA,Submitted Library Standard Depth PE Sequencing (HiSeq 2500) v4.0
BSK--210,DC-232,FD02700613,FluidX 0.3mL Screw Cap Tube,"{u'index': u'NXIKV2-D  N719-S505 (GCGTAGTA-GTAAGGAG)', u'kit': u'Nextera XT Index Kit V 2 - dual-indexing'}",Other,NA,Submitted Library Standard Depth PE Sequencing (HiSeq 2500) v4.0
BSK--211,DC-233,FD02700613,FluidX 0.3mL Screw Cap Tube,"{u'index': u'NXIKV2-D  N719-S506 (GCGTAGTA-ACTGCATA)', u'kit': u'Nextera XT Index Kit V 2 - dual-indexing'}",Other,NA,Submitted Library Standard Depth PE Sequencing (HiSeq 2500) v4.0
BSK--212,DC-235,FD02700613,FluidX 0.3mL Screw Cap Tube,"{u'index': u'NXIKV2-D  N719-S507 (GCGTAGTA-AAGGAGTA)', u'kit': u'Nextera XT Index Kit V 2 - dual-indexing'}",Other,NA,Submitted Library Standard Depth PE Sequencing (HiSeq 2500) v4.0
BSK--213,DC-236,FD02700613,FluidX 0.3mL Screw Cap Tube,"{u'index': u'NXIKV2-D  N719-S508 (GCGTAGTA-CTAAGCCT)', u'kit': u'Nextera XT Index Kit V 2 - dual-indexing'}",Other,NA,Submitted Library Standard Depth PE Sequencing (HiSeq 2500) v4.0
BSK--214,DC-238,FD02700613,FluidX 0.3mL Screw Cap Tube,"{u'index': u'NXIKV2-D  N719-S510 (GCGTAGTA-CGTCTAAT)', u'kit': u'Nextera XT Index Kit V 2 - dual-indexing'}",Other,NA,Submitted Library Standard Depth PE Sequencing (HiSeq 2500) v4.0
BSK--215,DC-240,FD02700613,FluidX 0.3mL Screw Cap Tube,"{u'index': u'NXIKV2-D  N719-S511 (GCGTAGTA-TCTCTCCG)', u'kit': u'Nextera XT Index Kit V 2 - dual-indexing'}",Other,NA,Submitted Library Standard Depth PE Sequencing (HiSeq 2500) v4.0
BSK--216,DC-241,FD02700613,FluidX 0.3mL Screw Cap Tube,"{u'index': u'NXIKV2-D  N720-S502 (CGGAGCCT-CTCTCTAT)', u'kit': u'Nextera XT Index Kit V 2 - dual-indexing'}",Other,NA,Submitted Library Standard Depth PE Sequencing (HiSeq 2500) v4.0
BSK--217,DC-242,FD02700613,FluidX 0.3mL Screw Cap Tube,"{u'index': u'NXIKV2-D  N720-S503 (CGGAGCCT-TATCCTCT)', u'kit': u'Nextera XT Index Kit V 2 - dual-indexing'}",Other,NA,Submitted Library Standard Depth PE Sequencing (HiSeq 2500) v4.0
BSK--218,DC-243,FD02700613,FluidX 0.3mL Screw Cap Tube,"{u'index': u'NXIKV2-D  N720-S505 (CGGAGCCT-GTAAGGAG)', u'kit': u'Nextera XT Index Kit V 2 - dual-indexing'}",Other,NA,Submitted Library Standard Depth PE Sequencing (HiSeq 2500) v4.0
BSK--219,DC-245,FD02700613,FluidX 0.3mL Screw Cap Tube,"{u'index': u'NXIKV2-D  N720-S506 (CGGAGCCT-ACTGCATA)', u'kit': u'Nextera XT Index Kit V 2 - dual-indexing'}",Other,NA,Submitted Library Standard Depth PE Sequencing (HiSeq 2500) v4.0
BSK--220,DC-246,FD02700613,FluidX 0.3mL Screw Cap Tube,"{u'index': u'NXIKV2-D  N720-S507 (CGGAGCCT-AAGGAGTA)', u'kit': u'Nextera XT Index Kit V 2 - dual-indexing'}",Other,NA,Submitted Library Standard Depth PE Sequencing (HiSeq 2500) v4.0
BSK--221,DC-247,FD02700613,FluidX 0.3mL Screw Cap Tube,"{u'index': u'NXIKV2-D  N720-S508 (CGGAGCCT-CTAAGCCT)', u'kit': u'Nextera XT Index Kit V 2 - dual-indexing'}",Other,NA,Submitted Library Standard Depth PE Sequencing (HiSeq 2500) v4.0
BSK--222,DC-251,FD02700613,FluidX 0.3mL Screw Cap Tube,"{u'index': u'NXIKV2-D  N720-S510 (CGGAGCCT-CGTCTAAT)', u'kit': u'Nextera XT Index Kit V 2 - dual-indexing'}",Other,NA,Submitted Library Standard Depth PE Sequencing (HiSeq 2500) v4.0
BSK--223,DC-252,FD02700613,FluidX 0.3mL Screw Cap Tube,"{u'index': u'NXIKV2-D  N720-S511 (CGGAGCCT-TCTCTCCG)', u'kit': u'Nextera XT Index Kit V 2 - dual-indexing'}",Other,NA,Submitted Library Standard Depth PE Sequencing (HiSeq 2500) v4.0
BSK--224,DC-253,FD02700613,FluidX 0.3mL Screw Cap Tube,"{u'index': u'NXIKV2-D  N721-S502 (TACGCTGC-CTCTCTAT)', u'kit': u'Nextera XT Index Kit V 2 - dual-indexing'}",Other,NA,Submitted Library Standard Depth PE Sequencing (HiSeq 2500) v4.0
BSK--225,DC-254,FD02700613,FluidX 0.3mL Screw Cap Tube,"{u'index': u'NXIKV2-D  N721-S503 (TACGCTGC-TATCCTCT)', u'kit': u'Nextera XT Index Kit V 2 - dual-indexing'}",Other,NA,Submitted Library Standard Depth PE Sequencing (HiSeq 2500) v4.0
BSK--226,DC-256,FD02700613,FluidX 0.3mL Screw Cap Tube,"{u'index': u'NXIKV2-D  N721-S505 (TACGCTGC-GTAAGGAG)', u'kit': u'Nextera XT Index Kit V 2 - dual-indexing'}",Other,NA,Submitted Library Standard Depth PE Sequencing (HiSeq 2500) v4.0
BSK--227,DC-257,FD02700613,FluidX 0.3mL Screw Cap Tube,"{u'index': u'NXIKV2-D  N721-S506 (TACGCTGC-ACTGCATA)', u'kit': u'Nextera XT Index Kit V 2 - dual-indexing'}",Other,NA,Submitted Library Standard Depth PE Sequencing (HiSeq 2500) v4.0
BSK--228,DC-258,FD02700613,FluidX 0.3mL Screw Cap Tube,"{u'index': u'NXIKV2-D  N721-S507 (TACGCTGC-AAGGAGTA)', u'kit': u'Nextera XT Index Kit V 2 - dual-indexing'}",Other,NA,Submitted Library Standard Depth PE Sequencing (HiSeq 2500) v4.0
BSK--229,DC-259,FD02700613,FluidX 0.3mL Screw Cap Tube,"{u'index': u'NXIKV2-D  N721-S508 (TACGCTGC-CTAAGCCT)', u'kit': u'Nextera XT Index Kit V 2 - dual-indexing'}",Other,NA,Submitted Library Standard Depth PE Sequencing (HiSeq 2500) v4.0
BSK--230,DC-260,FD02700613,FluidX 0.3mL Screw Cap Tube,"{u'index': u'NXIKV2-D  N721-S510 (TACGCTGC-CGTCTAAT)', u'kit': u'Nextera XT Index Kit V 2 - dual-indexing'}",Other,NA,Submitted Library Standard Depth PE Sequencing (HiSeq 2500) v4.0
BSK--231,DC-261,FD02700613,FluidX 0.3mL Screw Cap Tube,"{u'index': u'NXIKV2-D  N721-S511 (TACGCTGC-TCTCTCCG)', u'kit': u'Nextera XT Index Kit V 2 - dual-indexing'}",Other,NA,Submitted Library Standard Depth PE Sequencing (HiSeq 2500) v4.0
BSK--232,DC-262,FD02700613,FluidX 0.3mL Screw Cap Tube,"{u'index': u'NXIKV2-D  N722-S502 (ATGCGCAG-CTCTCTAT)', u'kit': u'Nextera XT Index Kit V 2 - dual-indexing'}",Other,NA,Submitted Library Standard Depth PE Sequencing (HiSeq 2500) v4.0
BSK--233,DC-265,FD02700613,FluidX 0.3mL Screw Cap Tube,"{u'index': u'NXIKV2-D  N722-S503 (ATGCGCAG-TATCCTCT)', u'kit': u'Nextera XT Index Kit V 2 - dual-indexing'}",Other,NA,Submitted Library Standard Depth PE Sequencing (HiSeq 2500) v4.0
BSK--234,DC-267,FD02700613,FluidX 0.3mL Screw Cap Tube,"{u'index': u'NXIKV2-D  N722-S505 (ATGCGCAG-GTAAGGAG)', u'kit': u'Nextera XT Index Kit V 2 - dual-indexing'}",Other,NA,Submitted Library Standard Depth PE Sequencing (HiSeq 2500) v4.0
BSK--235,DC-268,FD02700613,FluidX 0.3mL Screw Cap Tube,"{u'index': u'NXIKV2-D  N722-S506 (ATGCGCAG-ACTGCATA)', u'kit': u'Nextera XT Index Kit V 2 - dual-indexing'}",Other,NA,Submitted Library Standard Depth PE Sequencing (HiSeq 2500) v4.0
BSK--236,DC-269,FD02700613,FluidX 0.3mL Screw Cap Tube,"{u'index': u'NXIKV2-D  N722-S507 (ATGCGCAG-AAGGAGTA)', u'kit': u'Nextera XT Index Kit V 2 - dual-indexing'}",Other,NA,Submitted Library Standard Depth PE Sequencing (HiSeq 2500) v4.0
BSK--237,DC-270,FD02700613,FluidX 0.3mL Screw Cap Tube,"{u'index': u'NXIKV2-D  N722-S508 (ATGCGCAG-CTAAGCCT)', u'kit': u'Nextera XT Index Kit V 2 - dual-indexing'}",Other,NA,Submitted Library Standard Depth PE Sequencing (HiSeq 2500) v4.0
BSK--238,DC-272,FD02700613,FluidX 0.3mL Screw Cap Tube,"{u'index': u'NXIKV2-D  N722-S510 (ATGCGCAG-CGTCTAAT)', u'kit': u'Nextera XT Index Kit V 2 - dual-indexing'}",Other,NA,Submitted Library Standard Depth PE Sequencing (HiSeq 2500) v4.0
BSK--239,DC-273,FD02700613,FluidX 0.3mL Screw Cap Tube,"{u'index': u'NXIKV2-D  N722-S511 (ATGCGCAG-TCTCTCCG)', u'kit': u'Nextera XT Index Kit V 2 - dual-indexing'}",Other,NA,Submitted Library Standard Depth PE Sequencing (HiSeq 2500) v4.0
BSK--240,DC-276,FD02700613,FluidX 0.3mL Screw Cap Tube,"{u'index': u'NXIKV2-D  N723-S502 (TAGCGCTC-CTCTCTAT)', u'kit': u'Nextera XT Index Kit V 2 - dual-indexing'}",Other,NA,Submitted Library Standard Depth PE Sequencing (HiSeq 2500) v4.0
BSK--241,DC-278,FD02700613,FluidX 0.3mL Screw Cap Tube,"{u'index': u'NXIKV2-D  N723-S503 (TAGCGCTC-TATCCTCT)', u'kit': u'Nextera XT Index Kit V 2 - dual-indexing'}",Other,NA,Submitted Library Standard Depth PE Sequencing (HiSeq 2500) v4.0
BSK--242,DC-279,FD02700613,FluidX 0.3mL Screw Cap Tube,"{u'index': u'NXIKV2-D  N723-S505 (TAGCGCTC-GTAAGGAG)', u'kit': u'Nextera XT Index Kit V 2 - dual-indexing'}",Other,NA,Submitted Library Standard Depth PE Sequencing (HiSeq 2500) v4.0
BSK--243,DC-281,FD02700613,FluidX 0.3mL Screw Cap Tube,"{u'index': u'NXIKV2-D  N723-S506 (TAGCGCTC-ACTGCATA)', u'kit': u'Nextera XT Index Kit V 2 - dual-indexing'}",Other,NA,Submitted Library Standard Depth PE Sequencing (HiSeq 2500) v4.0
BSK--244,DC-282,FD02700613,FluidX 0.3mL Screw Cap Tube,"{u'index': u'NXIKV2-D  N723-S507 (TAGCGCTC-AAGGAGTA)', u'kit': u'Nextera XT Index Kit V 2 - dual-indexing'}",Other,NA,Submitted Library Standard Depth PE Sequencing (HiSeq 2500) v4.0
BSK--245,DC-283,FD02700613,FluidX 0.3mL Screw Cap Tube,"{u'index': u'NXIKV2-D  N723-S508 (TAGCGCTC-CTAAGCCT)', u'kit': u'Nextera XT Index Kit V 2 - dual-indexing'}",Other,NA,Submitted Library Standard Depth PE Sequencing (HiSeq 2500) v4.0
BSK--246,DC-284,FD02700613,FluidX 0.3mL Screw Cap Tube,"{u'index': u'NXIKV2-D  N723-S510 (TAGCGCTC-CGTCTAAT)', u'kit': u'Nextera XT Index Kit V 2 - dual-indexing'}",Other,NA,Submitted Library Standard Depth PE Sequencing (HiSeq 2500) v4.0
BSK--247,DC-285,FD02700613,FluidX 0.3mL Screw Cap Tube,"{u'index': u'NXIKV2-D  N723-S511 (TAGCGCTC-TCTCTCCG)', u'kit': u'Nextera XT Index Kit V 2 - dual-indexing'}",Other,NA,Submitted Library Standard Depth PE Sequencing (HiSeq 2500) v4.0
BSK--248,DC-289,FD02700613,FluidX 0.3mL Screw Cap Tube,"{u'index': u'NXIKV2-D  N724-S502 (ACTGAGCG-CTCTCTAT)', u'kit': u'Nextera XT Index Kit V 2 - dual-indexing'}",Other,NA,Submitted Library Standard Depth PE Sequencing (HiSeq 2500) v4.0
BSK--249,DC-291,FD02700613,FluidX 0.3mL Screw Cap Tube,"{u'index': u'NXIKV2-D  N724-S503 (ACTGAGCG-TATCCTCT)', u'kit': u'Nextera XT Index Kit V 2 - dual-indexing'}",Other,NA,Submitted Library Standard Depth PE Sequencing (HiSeq 2500) v4.0
BSK--250,DC-292,FD02700613,FluidX 0.3mL Screw Cap Tube,"{u'index': u'NXIKV2-D  N724-S505 (ACTGAGCG-GTAAGGAG)', u'kit': u'Nextera XT Index Kit V 2 - dual-indexing'}",Other,NA,Submitted Library Standard Depth PE Sequencing (HiSeq 2500) v4.0
BSK--251,DC-293,FD02700613,FluidX 0.3mL Screw Cap Tube,"{u'index': u'NXIKV2-D  N724-S506 (ACTGAGCG-ACTGCATA)', u'kit': u'Nextera XT Index Kit V 2 - dual-indexing'}",Other,NA,Submitted Library Standard Depth PE Sequencing (HiSeq 2500) v4.0
BSK--252,DC-294,FD02700613,FluidX 0.3mL Screw Cap Tube,"{u'index': u'NXIKV2-D  N724-S507 (ACTGAGCG-AAGGAGTA)', u'kit': u'Nextera XT Index Kit V 2 - dual-indexing'}",Other,NA,Submitted Library Standard Depth PE Sequencing (HiSeq 2500) v4.0
BSK--253,DC-296,FD02700613,FluidX 0.3mL Screw Cap Tube,"{u'index': u'NXIKV2-D  N724-S508 (ACTGAGCG-CTAAGCCT)', u'kit': u'Nextera XT Index Kit V 2 - dual-indexing'}",Other,NA,Submitted Library Standard Depth PE Sequencing (HiSeq 2500) v4.0
BSK--254,DC-297,FD02700613,FluidX 0.3mL Screw Cap Tube,"{u'index': u'NXIKV2-D  N724-S510 (ACTGAGCG-CGTCTAAT)', u'kit': u'Nextera XT Index Kit V 2 - dual-indexing'}",Other,NA,Submitted Library Standard Depth PE Sequencing (HiSeq 2500) v4.0
BSK--255,DC-298,FD02700613,FluidX 0.3mL Screw Cap Tube,"{u'index': u'NXIKV2-D  N724-S511 (ACTGAGCG-TCTCTCCG)', u'kit': u'Nextera XT Index Kit V 2 - dual-indexing'}",Other,NA,Submitted Library Standard Depth PE Sequencing (HiSeq 2500) v4.0
BSK--256,DC-299,FD02700613,FluidX 0.3mL Screw Cap Tube,"{u'index': u'NXIKV2-D  N726-S502 (CCTAAGAC-CTCTCTAT)', u'kit': u'Nextera XT Index Kit V 2 - dual-indexing'}",Other,NA,Submitted Library Standard Depth PE Sequencing (HiSeq 2500) v4.0
BSK--257,DC-300,FD02700613,FluidX 0.3mL Screw Cap Tube,"{u'index': u'NXIKV2-D  N726-S503 (CCTAAGAC-TATCCTCT)', u'kit': u'Nextera XT Index Kit V 2 - dual-indexing'}",Other,NA,Submitted Library Standard Depth PE Sequencing (HiSeq 2500) v4.0
BSK--258,DC-301,FD02700613,FluidX 0.3mL Screw Cap Tube,"{u'index': u'NXIKV2-D  N726-S505 (CCTAAGAC-GTAAGGAG)', u'kit': u'Nextera XT Index Kit V 2 - dual-indexing'}",Other,NA,Submitted Library Standard Depth PE Sequencing (HiSeq 2500) v4.0
BSK--259,DC-302,FD02700613,FluidX 0.3mL Screw Cap Tube,"{u'index': u'NXIKV2-D  N726-S506 (CCTAAGAC-ACTGCATA)', u'kit': u'Nextera XT Index Kit V 2 - dual-indexing'}",Other,NA,Submitted Library Standard Depth PE Sequencing (HiSeq 2500) v4.0
BSK--260,DC-304,FD02700613,FluidX 0.3mL Screw Cap Tube,"{u'index': u'NXIKV2-D  N726-S507 (CCTAAGAC-AAGGAGTA)', u'kit': u'Nextera XT Index Kit V 2 - dual-indexing'}",Other,NA,Submitted Library Standard Depth PE Sequencing (HiSeq 2500) v4.0
BSK--261,DC-305,FD02700613,FluidX 0.3mL Screw Cap Tube,"{u'index': u'NXIKV2-D  N726-S508 (CCTAAGAC-CTAAGCCT)', u'kit': u'Nextera XT Index Kit V 2 - dual-indexing'}",Other,NA,Submitted Library Standard Depth PE Sequencing (HiSeq 2500) v4.0
BSK--262,DC-306,FD02700613,FluidX 0.3mL Screw Cap Tube,"{u'index': u'NXIKV2-D  N726-S510 (CCTAAGAC-CGTCTAAT)', u'kit': u'Nextera XT Index Kit V 2 - dual-indexing'}",Other,NA,Submitted Library Standard Depth PE Sequencing (HiSeq 2500) v4.0
BSK--263,DC-307,FD02700613,FluidX 0.3mL Screw Cap Tube,"{u'index': u'NXIKV2-D  N726-S511 (CCTAAGAC-TCTCTCCG)', u'kit': u'Nextera XT Index Kit V 2 - dual-indexing'}",Other,NA,Submitted Library Standard Depth PE Sequencing (HiSeq 2500) v4.0
BSK--264,DC-308,FD02700613,FluidX 0.3mL Screw Cap Tube,"{u'index': u'NXIKV2-D  N727-S502 (CGATCAGT-CTCTCTAT)', u'kit': u'Nextera XT Index Kit V 2 - dual-indexing'}",Other,NA,Submitted Library Standard Depth PE Sequencing (HiSeq 2500) v4.0
BSK--265,DC-309,FD02700613,FluidX 0.3mL Screw Cap Tube,"{u'index': u'NXIKV2-D  N727-S503 (CGATCAGT-TATCCTCT)', u'kit': u'Nextera XT Index Kit V 2 - dual-indexing'}",Other,NA,Submitted Library Standard Depth PE Sequencing (HiSeq 2500) v4.0
BSK--266,DC-310,FD02700613,FluidX 0.3mL Screw Cap Tube,"{u'index': u'NXIKV2-D  N727-S505 (CGATCAGT-GTAAGGAG)', u'kit': u'Nextera XT Index Kit V 2 - dual-indexing'}",Other,NA,Submitted Library Standard Depth PE Sequencing (HiSeq 2500) v4.0
BSK--267,DC-311,FD02700613,FluidX 0.3mL Screw Cap Tube,"{u'index': u'NXIKV2-D  N727-S506 (CGATCAGT-ACTGCATA)', u'kit': u'Nextera XT Index Kit V 2 - dual-indexing'}",Other,NA,Submitted Library Standard Depth PE Sequencing (HiSeq 2500) v4.0
BSK--268,DC-312,FD02700613,FluidX 0.3mL Screw Cap Tube,"{u'index': u'NXIKV2-D  N727-S507 (CGATCAGT-AAGGAGTA)', u'kit': u'Nextera XT Index Kit V 2 - dual-indexing'}",Other,NA,Submitted Library Standard Depth PE Sequencing (HiSeq 2500) v4.0
BSK--269,DC-313,FD02700613,FluidX 0.3mL Screw Cap Tube,"{u'index': u'NXIKV2-D  N727-S508 (CGATCAGT-CTAAGCCT)', u'kit': u'Nextera XT Index Kit V 2 - dual-indexing'}",Other,NA,Submitted Library Standard Depth PE Sequencing (HiSeq 2500) v4.0
BSK--270,DC-314,FD02700613,FluidX 0.3mL Screw Cap Tube,"{u'index': u'NXIKV2-D  N727-S510 (CGATCAGT-CGTCTAAT)', u'kit': u'Nextera XT Index Kit V 2 - dual-indexing'}",Other,NA,Submitted Library Standard Depth PE Sequencing (HiSeq 2500) v4.0
BSK--271,DC-315,FD02700613,FluidX 0.3mL Screw Cap Tube,"{u'index': u'NXIKV2-D  N727-S511 (CGATCAGT-TCTCTCCG)', u'kit': u'Nextera XT Index Kit V 2 - dual-indexing'}",Other,NA,Submitted Library Standard Depth PE Sequencing (HiSeq 2500) v4.0
BSK--272,DC-316,FD02700613,FluidX 0.3mL Screw Cap Tube,"{u'index': u'NXIKV2-D  N728-S502 (TGCAGCTA-CTCTCTAT)', u'kit': u'Nextera XT Index Kit V 2 - dual-indexing'}",Other,NA,Submitted Library Standard Depth PE Sequencing (HiSeq 2500) v4.0
BSK--273,DC-319,FD02700613,FluidX 0.3mL Screw Cap Tube,"{u'index': u'NXIKV2-D  N728-S503 (TGCAGCTA-TATCCTCT)', u'kit': u'Nextera XT Index Kit V 2 - dual-indexing'}",Other,NA,Submitted Library Standard Depth PE Sequencing (HiSeq 2500) v4.0
BSK--274,DC-321,FD02700613,FluidX 0.3mL Screw Cap Tube,"{u'index': u'NXIKV2-D  N728-S505 (TGCAGCTA-GTAAGGAG)', u'kit': u'Nextera XT Index Kit V 2 - dual-indexing'}",Other,NA,Submitted Library Standard Depth PE Sequencing (HiSeq 2500) v4.0
BSK--275,DC-322,FD02700613,FluidX 0.3mL Screw Cap Tube,"{u'index': u'NXIKV2-D  N728-S506 (TGCAGCTA-ACTGCATA)', u'kit': u'Nextera XT Index Kit V 2 - dual-indexing'}",Other,NA,Submitted Library Standard Depth PE Sequencing (HiSeq 2500) v4.0
BSK--276,DC-324,FD02700613,FluidX 0.3mL Screw Cap Tube,"{u'index': u'NXIKV2-D  N728-S507 (TGCAGCTA-AAGGAGTA)', u'kit': u'Nextera XT Index Kit V 2 - dual-indexing'}",Other,NA,Submitted Library Standard Depth PE Sequencing (HiSeq 2500) v4.0
BSK--277,DC-327,FD02700613,FluidX 0.3mL Screw Cap Tube,"{u'index': u'NXIKV2-D  N728-S508 (TGCAGCTA-CTAAGCCT)', u'kit': u'Nextera XT Index Kit V 2 - dual-indexing'}",Other,NA,Submitted Library Standard Depth PE Sequencing (HiSeq 2500) v4.0
BSK--278,DC-328,FD02700613,FluidX 0.3mL Screw Cap Tube,"{u'index': u'NXIKV2-D  N728-S510 (TGCAGCTA-CGTCTAAT)', u'kit': u'Nextera XT Index Kit V 2 - dual-indexing'}",Other,NA,Submitted Library Standard Depth PE Sequencing (HiSeq 2500) v4.0
BSK--279,DC-329,FD02700613,FluidX 0.3mL Screw Cap Tube,"{u'index': u'NXIKV2-D  N728-S511 (TGCAGCTA-TCTCTCCG)', u'kit': u'Nextera XT Index Kit V 2 - dual-indexing'}",Other,NA,Submitted Library Standard Depth PE Sequencing (HiSeq 2500) v4.0
BSK--280,DC-330,FD02700613,FluidX 0.3mL Screw Cap Tube,"{u'index': u'NXIKV2-D  N729-S502 (TCGACGTC-CTCTCTAT)', u'kit': u'Nextera XT Index Kit V 2 - dual-indexing'}",Other,NA,Submitted Library Standard Depth PE Sequencing (HiSeq 2500) v4.0
BSK--281,DC-331,FD02700613,FluidX 0.3mL Screw Cap Tube,"{u'index': u'NXIKV2-D  N729-S503 (TCGACGTC-TATCCTCT)', u'kit': u'Nextera XT Index Kit V 2 - dual-indexing'}",Other,NA,Submitted Library Standard Depth PE Sequencing (HiSeq 2500) v4.0
BSK--282,DC-332,FD02700613,FluidX 0.3mL Screw Cap Tube,"{u'index': u'NXIKV2-D  N729-S505 (TCGACGTC-GTAAGGAG)', u'kit': u'Nextera XT Index Kit V 2 - dual-indexing'}",Other,NA,Submitted Library Standard Depth PE Sequencing (HiSeq 2500) v4.0
BSK--283,DC-333,FD02700613,FluidX 0.3mL Screw Cap Tube,"{u'index': u'NXIKV2-D  N729-S506 (TCGACGTC-ACTGCATA)', u'kit': u'Nextera XT Index Kit V 2 - dual-indexing'}",Other,NA,Submitted Library Standard Depth PE Sequencing (HiSeq 2500) v4.0
BSK--284,DC-334,FD02700613,FluidX 0.3mL Screw Cap Tube,"{u'index': u'NXIKV2-D  N729-S507 (TCGACGTC-AAGGAGTA)', u'kit': u'Nextera XT Index Kit V 2 - dual-indexing'}",Other,NA,Submitted Library Standard Depth PE Sequencing (HiSeq 2500) v4.0
BSK--285,DC-335,FD02700613,FluidX 0.3mL Screw Cap Tube,"{u'index': u'NXIKV2-D  N729-S508 (TCGACGTC-CTAAGCCT)', u'kit': u'Nextera XT Index Kit V 2 - dual-indexing'}",Other,NA,Submitted Library Standard Depth PE Sequencing (HiSeq 2500) v4.0
BSK--286,DC-337,FD02700613,FluidX 0.3mL Screw Cap Tube,"{u'index': u'NXIKV2-D  N729-S510 (TCGACGTC-CGTCTAAT)', u'kit': u'Nextera XT Index Kit V 2 - dual-indexing'}",Other,NA,Submitted Library Standard Depth PE Sequencing (HiSeq 2500) v4.0
BSK--287,DC-338,FD02700613,FluidX 0.3mL Screw Cap Tube,"{u'index': u'NXIKV2-D  N729-S511 (TCGACGTC-TCTCTCCG)', u'kit': u'Nextera XT Index Kit V 2 - dual-indexing'}",Other,NA,Submitted Library Standard Depth PE Sequencing (HiSeq 2500) v4.0
BSK--288,DC-340,FD02700613,FluidX 0.3mL Screw Cap Tube,"{u'index': u'NXIKV2-D  N716-S513 (ACTCGCTA-TCGACTAG)', u'kit': u'Nextera XT Index Kit V 2 - dual-indexing'}",Other,NA,Submitted Library Standard Depth PE Sequencing (HiSeq 2500) v4.0
BSK--289,DC-341,FD02700613,FluidX 0.3mL Screw Cap Tube,"{u'index': u'NXIKV2-D  N716-S515 (ACTCGCTA-TTCTAGCT)', u'kit': u'Nextera XT Index Kit V 2 - dual-indexing'}",Other,NA,Submitted Library Standard Depth PE Sequencing (HiSeq 2500) v4.0
BSK--290,DC-342,FD02700613,FluidX 0.3mL Screw Cap Tube,"{u'index': u'NXIKV2-D  N716-S516 (ACTCGCTA-CCTAGAGT)', u'kit': u'Nextera XT Index Kit V 2 - dual-indexing'}",Other,NA,Submitted Library Standard Depth PE Sequencing (HiSeq 2500) v4.0
BSK--291,DC-343,FD02700613,FluidX 0.3mL Screw Cap Tube,"{u'index': u'NXIKV2-D  N716-S517 (ACTCGCTA-GCGTAAGA)', u'kit': u'Nextera XT Index Kit V 2 - dual-indexing'}",Other,NA,Submitted Library Standard Depth PE Sequencing (HiSeq 2500) v4.0
BSK--292,DC-344,FD02700613,FluidX 0.3mL Screw Cap Tube,"{u'index': u'NXIKV2-D  N716-S518 (ACTCGCTA-CTATTAAG)', u'kit': u'Nextera XT Index Kit V 2 - dual-indexing'}",Other,NA,Submitted Library Standard Depth PE Sequencing (HiSeq 2500) v4.0
BSK--293,DC-345,FD02700613,FluidX 0.3mL Screw Cap Tube,"{u'index': u'NXIKV2-D  N716-S520 (ACTCGCTA-AAGGCTAT)', u'kit': u'Nextera XT Index Kit V 2 - dual-indexing'}",Other,NA,Submitted Library Standard Depth PE Sequencing (HiSeq 2500) v4.0
BSK--294,DC-346,FD02700613,FluidX 0.3mL Screw Cap Tube,"{u'index': u'NXIKV2-D  N716-S521 (ACTCGCTA-GAGCCTTA)', u'kit': u'Nextera XT Index Kit V 2 - dual-indexing'}",Other,NA,Submitted Library Standard Depth PE Sequencing (HiSeq 2500) v4.0
BSK--295,DC-347,FD02700613,FluidX 0.3mL Screw Cap Tube,"{u'index': u'NXIKV2-D  N716-S522  (ACTCGCTA-TTATGCGA)', u'kit': u'Nextera XT Index Kit V 2 - dual-indexing'}",Other,NA,Submitted Library Standard Depth PE Sequencing (HiSeq 2500) v4.0
BSK--296,DC-349,FD02700613,FluidX 0.3mL Screw Cap Tube,"{u'index': u'NXIKV2-D  N718-S513 (GGAGCTAC-TCGACTAG)', u'kit': u'Nextera XT Index Kit V 2 - dual-indexing'}",Other,NA,Submitted Library Standard Depth PE Sequencing (HiSeq 2500) v4.0
BSK--297,DC-350,FD02700613,FluidX 0.3mL Screw Cap Tube,"{u'index': u'NXIKV2-D  N718-S515 (GGAGCTAC-TTCTAGCT)', u'kit': u'Nextera XT Index Kit V 2 - dual-indexing'}",Other,NA,Submitted Library Standard Depth PE Sequencing (HiSeq 2500) v4.0
BSK--298,DC-351,FD02700613,FluidX 0.3mL Screw Cap Tube,"{u'index': u'NXIKV2-D  N718-S516 (GGAGCTAC-CCTAGAGT)', u'kit': u'Nextera XT Index Kit V 2 - dual-indexing'}",Other,NA,Submitted Library Standard Depth PE Sequencing (HiSeq 2500) v4.0
BSK--299,DC-352,FD02700613,FluidX 0.3mL Screw Cap Tube,"{u'index': u'NXIKV2-D  N718-S517 (GGAGCTAC-GCGTAAGA)', u'kit': u'Nextera XT Index Kit V 2 - dual-indexing'}",Other,NA,Submitted Library Standard Depth PE Sequencing (HiSeq 2500) v4.0
BSK--300,DC-353,FD02700613,FluidX 0.3mL Screw Cap Tube,"{u'index': u'NXIKV2-D  N718-S518 (GGAGCTAC-CTATTAAG)', u'kit': u'Nextera XT Index Kit V 2 - dual-indexing'}",Other,NA,Submitted Library Standard Depth PE Sequencing (HiSeq 2500) v4.0
BSK--301,DC-354,FD02700613,FluidX 0.3mL Screw Cap Tube,"{u'index': u'NXIKV2-D  N718-S520 (GGAGCTAC-AAGGCTAT)', u'kit': u'Nextera XT Index Kit V 2 - dual-indexing'}",Other,NA,Submitted Library Standard Depth PE Sequencing (HiSeq 2500) v4.0
BSK--302,DC-355,FD02700613,FluidX 0.3mL Screw Cap Tube,"{u'index': u'NXIKV2-D  N718-S521 (GGAGCTAC-GAGCCTTA)', u'kit': u'Nextera XT Index Kit V 2 - dual-indexing'}",Other,NA,Submitted Library Standard Depth PE Sequencing (HiSeq 2500) v4.0
BSK--303,DC-356,FD02700613,FluidX 0.3mL Screw Cap Tube,"{u'index': u'NXIKV2-D  N718-S522  (GGAGCTAC-TTATGCGA)', u'kit': u'Nextera XT Index Kit V 2 - dual-indexing'}",Other,NA,Submitted Library Standard Depth PE Sequencing (HiSeq 2500) v4.0
BSK--304,DC-358,FD02700613,FluidX 0.3mL Screw Cap Tube,"{u'index': u'NXIKV2-D  N719-S513 (GCGTAGTA-TCGACTAG)', u'kit': u'Nextera XT Index Kit V 2 - dual-indexing'}",Other,NA,Submitted Library Standard Depth PE Sequencing (HiSeq 2500) v4.0
BSK--305,DC-359,FD02700613,FluidX 0.3mL Screw Cap Tube,"{u'index': u'NXIKV2-D  N719-S515 (GCGTAGTA-TTCTAGCT)', u'kit': u'Nextera XT Index Kit V 2 - dual-indexing'}",Other,NA,Submitted Library Standard Depth PE Sequencing (HiSeq 2500) v4.0
BSK--306,DC-360,FD02700613,FluidX 0.3mL Screw Cap Tube,"{u'index': u'NXIKV2-D  N719-S516 (GCGTAGTA-CCTAGAGT)', u'kit': u'Nextera XT Index Kit V 2 - dual-indexing'}",Other,NA,Submitted Library Standard Depth PE Sequencing (HiSeq 2500) v4.0
BSK--307,DC-361,FD02700613,FluidX 0.3mL Screw Cap Tube,"{u'index': u'NXIKV2-D  N719-S517 (GCGTAGTA-GCGTAAGA)', u'kit': u'Nextera XT Index Kit V 2 - dual-indexing'}",Other,NA,Submitted Library Standard Depth PE Sequencing (HiSeq 2500) v4.0
BSK--308,DC-362,FD02700613,FluidX 0.3mL Screw Cap Tube,"{u'index': u'NXIKV2-D  N719-S518 (GCGTAGTA-CTATTAAG)', u'kit': u'Nextera XT Index Kit V 2 - dual-indexing'}",Other,NA,Submitted Library Standard Depth PE Sequencing (HiSeq 2500) v4.0
BSK--309,DC-365,FD02700613,FluidX 0.3mL Screw Cap Tube,"{u'index': u'NXIKV2-D  N719-S520 (GCGTAGTA-AAGGCTAT)', u'kit': u'Nextera XT Index Kit V 2 - dual-indexing'}",Other,NA,Submitted Library Standard Depth PE Sequencing (HiSeq 2500) v4.0
BSK--310,DC-366,FD02700613,FluidX 0.3mL Screw Cap Tube,"{u'index': u'NXIKV2-D  N719-S521 (GCGTAGTA-GAGCCTTA)', u'kit': u'Nextera XT Index Kit V 2 - dual-indexing'}",Other,NA,Submitted Library Standard Depth PE Sequencing (HiSeq 2500) v4.0
BSK--311,DC-367,FD02700613,FluidX 0.3mL Screw Cap Tube,"{u'index': u'NXIKV2-D  N719-S522  (GCGTAGTA-TTATGCGA)', u'kit': u'Nextera XT Index Kit V 2 - dual-indexing'}",Other,NA,Submitted Library Standard Depth PE Sequencing (HiSeq 2500) v4.0
BSK--312,DC-368,FD02700613,FluidX 0.3mL Screw Cap Tube,"{u'index': u'NXIKV2-D  N720-S513 (CGGAGCCT-TCGACTAG)', u'kit': u'Nextera XT Index Kit V 2 - dual-indexing'}",Other,NA,Submitted Library Standard Depth PE Sequencing (HiSeq 2500) v4.0
BSK--313,DC-370,FD02700613,FluidX 0.3mL Screw Cap Tube,"{u'index': u'NXIKV2-D  N720-S515 (CGGAGCCT-TTCTAGCT)', u'kit': u'Nextera XT Index Kit V 2 - dual-indexing'}",Other,NA,Submitted Library Standard Depth PE Sequencing (HiSeq 2500) v4.0
BSK--314,DC-372,FD02700613,FluidX 0.3mL Screw Cap Tube,"{u'index': u'NXIKV2-D  N720-S516 (CGGAGCCT-CCTAGAGT)', u'kit': u'Nextera XT Index Kit V 2 - dual-indexing'}",Other,NA,Submitted Library Standard Depth PE Sequencing (HiSeq 2500) v4.0
BSK--315,DC-374,FD02700613,FluidX 0.3mL Screw Cap Tube,"{u'index': u'NXIKV2-D  N720-S517 (CGGAGCCT-GCGTAAGA)', u'kit': u'Nextera XT Index Kit V 2 - dual-indexing'}",Other,NA,Submitted Library Standard Depth PE Sequencing (HiSeq 2500) v4.0
BSK--316,DC-375,FD02700613,FluidX 0.3mL Screw Cap Tube,"{u'index': u'NXIKV2-D  N720-S518 (CGGAGCCT-CTATTAAG)', u'kit': u'Nextera XT Index Kit V 2 - dual-indexing'}",Other,NA,Submitted Library Standard Depth PE Sequencing (HiSeq 2500) v4.0
BSK--317,DC-376,FD02700613,FluidX 0.3mL Screw Cap Tube,"{u'index': u'NXIKV2-D  N720-S520 (CGGAGCCT-AAGGCTAT)', u'kit': u'Nextera XT Index Kit V 2 - dual-indexing'}",Other,NA,Submitted Library Standard Depth PE Sequencing (HiSeq 2500) v4.0
BSK--318,DC-378,FD02700613,FluidX 0.3mL Screw Cap Tube,"{u'index': u'NXIKV2-D  N720-S521 (CGGAGCCT-GAGCCTTA)', u'kit': u'Nextera XT Index Kit V 2 - dual-indexing'}",Other,NA,Submitted Library Standard Depth PE Sequencing (HiSeq 2500) v4.0
BSK--319,DC-379,FD02700613,FluidX 0.3mL Screw Cap Tube,"{u'index': u'NXIKV2-D  N720-S522  (CGGAGCCT-TTATGCGA)', u'kit': u'Nextera XT Index Kit V 2 - dual-indexing'}",Other,NA,Submitted Library Standard Depth PE Sequencing (HiSeq 2500) v4.0
BSK--320,DC-380,FD02700613,FluidX 0.3mL Screw Cap Tube,"{u'index': u'NXIKV2-D  N721-S513 (TACGCTGC-TCGACTAG)', u'kit': u'Nextera XT Index Kit V 2 - dual-indexing'}",Other,NA,Submitted Library Standard Depth PE Sequencing (HiSeq 2500) v4.0
BSK--321,DC-381,FD02700613,FluidX 0.3mL Screw Cap Tube,"{u'index': u'NXIKV2-D  N721-S515 (TACGCTGC-TTCTAGCT)', u'kit': u'Nextera XT Index Kit V 2 - dual-indexing'}",Other,NA,Submitted Library Standard Depth PE Sequencing (HiSeq 2500) v4.0
BSK--322,DC-382,FD02700613,FluidX 0.3mL Screw Cap Tube,"{u'index': u'NXIKV2-D  N721-S516 (TACGCTGC-CCTAGAGT)', u'kit': u'Nextera XT Index Kit V 2 - dual-indexing'}",Other,NA,Submitted Library Standard Depth PE Sequencing (HiSeq 2500) v4.0
BSK--323,DC-383,FD02700613,FluidX 0.3mL Screw Cap Tube,"{u'index': u'NXIKV2-D  N721-S517 (TACGCTGC-GCGTAAGA)', u'kit': u'Nextera XT Index Kit V 2 - dual-indexing'}",Other,NA,Submitted Library Standard Depth PE Sequencing (HiSeq 2500) v4.0
BSK--324,DC-384,FD02700613,FluidX 0.3mL Screw Cap Tube,"{u'index': u'NXIKV2-D  N721-S518 (TACGCTGC-CTATTAAG)', u'kit': u'Nextera XT Index Kit V 2 - dual-indexing'}",Other,NA,Submitted Library Standard Depth PE Sequencing (HiSeq 2500) v4.0
BSK--325,DC-385,FD02700613,FluidX 0.3mL Screw Cap Tube,"{u'index': u'NXIKV2-D  N721-S520 (TACGCTGC-AAGGCTAT)', u'kit': u'Nextera XT Index Kit V 2 - dual-indexing'}",Other,NA,Submitted Library Standard Depth PE Sequencing (HiSeq 2500) v4.0
BSK--326,DC-386,FD02700613,FluidX 0.3mL Screw Cap Tube,"{u'index': u'NXIKV2-D  N721-S521 (TACGCTGC-GAGCCTTA)', u'kit': u'Nextera XT Index Kit V 2 - dual-indexing'}",Other,NA,Submitted Library Standard Depth PE Sequencing (HiSeq 2500) v4.0
BSK--327,DC-389,FD02700613,FluidX 0.3mL Screw Cap Tube,"{u'index': u'NXIKV2-D  N721-S522  (TACGCTGC-TTATGCGA)', u'kit': u'Nextera XT Index Kit V 2 - dual-indexing'}",Other,NA,Submitted Library Standard Depth PE Sequencing (HiSeq 2500) v4.0
BSK--328,DC-390,FD02700613,FluidX 0.3mL Screw Cap Tube,"{u'index': u'NXIKV2-D  N722-S513 (ATGCGCAG-TCGACTAG)', u'kit': u'Nextera XT Index Kit V 2 - dual-indexing'}",Other,NA,Submitted Library Standard Depth PE Sequencing (HiSeq 2500) v4.0
BSK--329,DC-393,FD02700613,FluidX 0.3mL Screw Cap Tube,"{u'index': u'NXIKV2-D  N722-S515 (ATGCGCAG-TTCTAGCT)', u'kit': u'Nextera XT Index Kit V 2 - dual-indexing'}",Other,NA,Submitted Library Standard Depth PE Sequencing (HiSeq 2500) v4.0
BSK--330,DC-394,FD02700613,FluidX 0.3mL Screw Cap Tube,"{u'index': u'NXIKV2-D  N722-S516 (ATGCGCAG-CCTAGAGT)', u'kit': u'Nextera XT Index Kit V 2 - dual-indexing'}",Other,NA,Submitted Library Standard Depth PE Sequencing (HiSeq 2500) v4.0
BSK--331,DC-395,FD02700613,FluidX 0.3mL Screw Cap Tube,"{u'index': u'NXIKV2-D  N722-S517 (ATGCGCAG-GCGTAAGA)', u'kit': u'Nextera XT Index Kit V 2 - dual-indexing'}",Other,NA,Submitted Library Standard Depth PE Sequencing (HiSeq 2500) v4.0
BSK--332,DC-396,FD02700613,FluidX 0.3mL Screw Cap Tube,"{u'index': u'NXIKV2-D  N722-S518 (ATGCGCAG-CTATTAAG)', u'kit': u'Nextera XT Index Kit V 2 - dual-indexing'}",Other,NA,Submitted Library Standard Depth PE Sequencing (HiSeq 2500) v4.0
BSK--333,DC-398,FD02700613,FluidX 0.3mL Screw Cap Tube,"{u'index': u'NXIKV2-D  N722-S520 (ATGCGCAG-AAGGCTAT)', u'kit': u'Nextera XT Index Kit V 2 - dual-indexing'}",Other,NA,Submitted Library Standard Depth PE Sequencing (HiSeq 2500) v4.0
BSK--334,DC-399,FD02700613,FluidX 0.3mL Screw Cap Tube,"{u'index': u'NXIKV2-D  N722-S521 (ATGCGCAG-GAGCCTTA)', u'kit': u'Nextera XT Index Kit V 2 - dual-indexing'}",Other,NA,Submitted Library Standard Depth PE Sequencing (HiSeq 2500) v4.0
BSK--335,DC-400,FD02700613,FluidX 0.3mL Screw Cap Tube,"{u'index': u'NXIKV2-D  N722-S522  (ATGCGCAG-TTATGCGA)', u'kit': u'Nextera XT Index Kit V 2 - dual-indexing'}",Other,NA,Submitted Library Standard Depth PE Sequencing (HiSeq 2500) v4.0
BSK--336,DC-401,FD02700613,FluidX 0.3mL Screw Cap Tube,"{u'index': u'NXIKV2-D  N723-S513 (TAGCGCTC-TCGACTAG)', u'kit': u'Nextera XT Index Kit V 2 - dual-indexing'}",Other,NA,Submitted Library Standard Depth PE Sequencing (HiSeq 2500) v4.0
BSK--337,DC-404,FD02700613,FluidX 0.3mL Screw Cap Tube,"{u'index': u'NXIKV2-D  N723-S515 (TAGCGCTC-TTCTAGCT)', u'kit': u'Nextera XT Index Kit V 2 - dual-indexing'}",Other,NA,Submitted Library Standard Depth PE Sequencing (HiSeq 2500) v4.0
BSK--338,DC-407,FD02700613,FluidX 0.3mL Screw Cap Tube,"{u'index': u'NXIKV2-D  N723-S516 (TAGCGCTC-CCTAGAGT)', u'kit': u'Nextera XT Index Kit V 2 - dual-indexing'}",Other,NA,Submitted Library Standard Depth PE Sequencing (HiSeq 2500) v4.0
BSK--339,DC-409,FD02700613,FluidX 0.3mL Screw Cap Tube,"{u'index': u'NXIKV2-D  N723-S517 (TAGCGCTC-GCGTAAGA)', u'kit': u'Nextera XT Index Kit V 2 - dual-indexing'}",Other,NA,Submitted Library Standard Depth PE Sequencing (HiSeq 2500) v4.0
BSK--340,DC-412,FD02700613,FluidX 0.3mL Screw Cap Tube,"{u'index': u'NXIKV2-D  N723-S518 (TAGCGCTC-CTATTAAG)', u'kit': u'Nextera XT Index Kit V 2 - dual-indexing'}",Other,NA,Submitted Library Standard Depth PE Sequencing (HiSeq 2500) v4.0
BSK--341,DC-414,FD02700613,FluidX 0.3mL Screw Cap Tube,"{u'index': u'NXIKV2-D  N723-S520 (TAGCGCTC-AAGGCTAT)', u'kit': u'Nextera XT Index Kit V 2 - dual-indexing'}",Other,NA,Submitted Library Standard Depth PE Sequencing (HiSeq 2500) v4.0
BSK--342,DC-415,FD02700613,FluidX 0.3mL Screw Cap Tube,"{u'index': u'NXIKV2-D  N723-S521 (TAGCGCTC-GAGCCTTA)', u'kit': u'Nextera XT Index Kit V 2 - dual-indexing'}",Other,NA,Submitted Library Standard Depth PE Sequencing (HiSeq 2500) v4.0
BSK--343,DC-417,FD02700613,FluidX 0.3mL Screw Cap Tube,"{u'index': u'NXIKV2-D  N723-S522  (TAGCGCTC-TTATGCGA)', u'kit': u'Nextera XT Index Kit V 2 - dual-indexing'}",Other,NA,Submitted Library Standard Depth PE Sequencing (HiSeq 2500) v4.0
BSK--344,DC-418,FD02700613,FluidX 0.3mL Screw Cap Tube,"{u'index': u'NXIKV2-D  N724-S513 (ACTGAGCG-TCGACTAG)', u'kit': u'Nextera XT Index Kit V 2 - dual-indexing'}",Other,NA,Submitted Library Standard Depth PE Sequencing (HiSeq 2500) v4.0
BSK--345,DC-424,FD02700613,FluidX 0.3mL Screw Cap Tube,"{u'index': u'NXIKV2-D  N724-S515 (ACTGAGCG-TTCTAGCT)', u'kit': u'Nextera XT Index Kit V 2 - dual-indexing'}",Other,NA,Submitted Library Standard Depth PE Sequencing (HiSeq 2500) v4.0
BSK--346,DC-428,FD02700613,FluidX 0.3mL Screw Cap Tube,"{u'index': u'NXIKV2-D  N724-S516 (ACTGAGCG-CCTAGAGT)', u'kit': u'Nextera XT Index Kit V 2 - dual-indexing'}",Other,NA,Submitted Library Standard Depth PE Sequencing (HiSeq 2500) v4.0
BSK--347,DC-429,FD02700613,FluidX 0.3mL Screw Cap Tube,"{u'index': u'NXIKV2-D  N724-S517 (ACTGAGCG-GCGTAAGA)', u'kit': u'Nextera XT Index Kit V 2 - dual-indexing'}",Other,NA,Submitted Library Standard Depth PE Sequencing (HiSeq 2500) v4.0
BSK--348,DC-431,FD02700613,FluidX 0.3mL Screw Cap Tube,"{u'index': u'NXIKV2-D  N724-S518 (ACTGAGCG-CTATTAAG)', u'kit': u'Nextera XT Index Kit V 2 - dual-indexing'}",Other,NA,Submitted Library Standard Depth PE Sequencing (HiSeq 2500) v4.0
BSK--349,DC-433,FD02700613,FluidX 0.3mL Screw Cap Tube,"{u'index': u'NXIKV2-D  N724-S520 (ACTGAGCG-AAGGCTAT)', u'kit': u'Nextera XT Index Kit V 2 - dual-indexing'}",Other,NA,Submitted Library Standard Depth PE Sequencing (HiSeq 2500) v4.0
BSK--350,DC-435,FD02700613,FluidX 0.3mL Screw Cap Tube,"{u'index': u'NXIKV2-D  N724-S521 (ACTGAGCG-GAGCCTTA)', u'kit': u'Nextera XT Index Kit V 2 - dual-indexing'}",Other,NA,Submitted Library Standard Depth PE Sequencing (HiSeq 2500) v4.0
BSK--351,DC-436,FD02700613,FluidX 0.3mL Screw Cap Tube,"{u'index': u'NXIKV2-D  N724-S522  (ACTGAGCG-TTATGCGA)', u'kit': u'Nextera XT Index Kit V 2 - dual-indexing'}",Other,NA,Submitted Library Standard Depth PE Sequencing (HiSeq 2500) v4.0
BSK--352,DC-437,FD02700613,FluidX 0.3mL Screw Cap Tube,"{u'index': u'NXIKV2-D  N726-S513 (CCTAAGAC-TCGACTAG)', u'kit': u'Nextera XT Index Kit V 2 - dual-indexing'}",Other,NA,Submitted Library Standard Depth PE Sequencing (HiSeq 2500) v4.0
BSK--353,DC-439,FD02700613,FluidX 0.3mL Screw Cap Tube,"{u'index': u'NXIKV2-D  N726-S515 (CCTAAGAC-TTCTAGCT)', u'kit': u'Nextera XT Index Kit V 2 - dual-indexing'}",Other,NA,Submitted Library Standard Depth PE Sequencing (HiSeq 2500) v4.0
BSK--354,DC-440,FD02700613,FluidX 0.3mL Screw Cap Tube,"{u'index': u'NXIKV2-D  N726-S516 (CCTAAGAC-CCTAGAGT)', u'kit': u'Nextera XT Index Kit V 2 - dual-indexing'}",Other,NA,Submitted Library Standard Depth PE Sequencing (HiSeq 2500) v4.0
BSK--355,DC-441,FD02700613,FluidX 0.3mL Screw Cap Tube,"{u'index': u'NXIKV2-D  N726-S517 (CCTAAGAC-GCGTAAGA)', u'kit': u'Nextera XT Index Kit V 2 - dual-indexing'}",Other,NA,Submitted Library Standard Depth PE Sequencing (HiSeq 2500) v4.0
BSK--356,DC-442,FD02700613,FluidX 0.3mL Screw Cap Tube,"{u'index': u'NXIKV2-D  N726-S518 (CCTAAGAC-CTATTAAG)', u'kit': u'Nextera XT Index Kit V 2 - dual-indexing'}",Other,NA,Submitted Library Standard Depth PE Sequencing (HiSeq 2500) v4.0
BSK--357,DC-458,FD02700613,FluidX 0.3mL Screw Cap Tube,"{u'index': u'NXIKV2-D  N726-S520 (CCTAAGAC-AAGGCTAT)', u'kit': u'Nextera XT Index Kit V 2 - dual-indexing'}",Other,NA,Submitted Library Standard Depth PE Sequencing (HiSeq 2500) v4.0
BSK--358,DC-459,FD02700613,FluidX 0.3mL Screw Cap Tube,"{u'index': u'NXIKV2-D  N726-S521 (CCTAAGAC-GAGCCTTA)', u'kit': u'Nextera XT Index Kit V 2 - dual-indexing'}",Other,NA,Submitted Library Standard Depth PE Sequencing (HiSeq 2500) v4.0
BSK--359,DC-461,FD02700613,FluidX 0.3mL Screw Cap Tube,"{u'index': u'NXIKV2-D  N726-S522  (CCTAAGAC-TTATGCGA)', u'kit': u'Nextera XT Index Kit V 2 - dual-indexing'}",Other,NA,Submitted Library Standard Depth PE Sequencing (HiSeq 2500) v4.0
BSK--360,DC-462,FD02700613,FluidX 0.3mL Screw Cap Tube,"{u'index': u'NXIKV2-D  N727-S513 (CGATCAGT-TCGACTAG)', u'kit': u'Nextera XT Index Kit V 2 - dual-indexing'}",Other,NA,Submitted Library Standard Depth PE Sequencing (HiSeq 2500) v4.0
BSK--361,DC-464,FD02700613,FluidX 0.3mL Screw Cap Tube,"{u'index': u'NXIKV2-D  N727-S515 (CGATCAGT-TTCTAGCT)', u'kit': u'Nextera XT Index Kit V 2 - dual-indexing'}",Other,NA,Submitted Library Standard Depth PE Sequencing (HiSeq 2500) v4.0
BSK--362,DC-465,FD02700613,FluidX 0.3mL Screw Cap Tube,"{u'index': u'NXIKV2-D  N727-S516 (CGATCAGT-CCTAGAGT)', u'kit': u'Nextera XT Index Kit V 2 - dual-indexing'}",Other,NA,Submitted Library Standard Depth PE Sequencing (HiSeq 2500) v4.0
BSK--363,DC-466,FD02700613,FluidX 0.3mL Screw Cap Tube,"{u'index': u'NXIKV2-D  N727-S517 (CGATCAGT-GCGTAAGA)', u'kit': u'Nextera XT Index Kit V 2 - dual-indexing'}",Other,NA,Submitted Library Standard Depth PE Sequencing (HiSeq 2500) v4.0
BSK--364,DC-467,FD02700613,FluidX 0.3mL Screw Cap Tube,"{u'index': u'NXIKV2-D  N727-S518 (CGATCAGT-CTATTAAG)', u'kit': u'Nextera XT Index Kit V 2 - dual-indexing'}",Other,NA,Submitted Library Standard Depth PE Sequencing (HiSeq 2500) v4.0
BSK--365,DC-468,FD02700613,FluidX 0.3mL Screw Cap Tube,"{u'index': u'NXIKV2-D  N727-S520 (CGATCAGT-AAGGCTAT)', u'kit': u'Nextera XT Index Kit V 2 - dual-indexing'}",Other,NA,Submitted Library Standard Depth PE Sequencing (HiSeq 2500) v4.0
BSK--366,DC-472,FD02700613,FluidX 0.3mL Screw Cap Tube,"{u'index': u'NXIKV2-D  N727-S521 (CGATCAGT-GAGCCTTA)', u'kit': u'Nextera XT Index Kit V 2 - dual-indexing'}",Other,NA,Submitted Library Standard Depth PE Sequencing (HiSeq 2500) v4.0
BSK--367,DC-473,FD02700613,FluidX 0.3mL Screw Cap Tube,"{u'index': u'NXIKV2-D  N727-S522  (CGATCAGT-TTATGCGA)', u'kit': u'Nextera XT Index Kit V 2 - dual-indexing'}",Other,NA,Submitted Library Standard Depth PE Sequencing (HiSeq 2500) v4.0
BSK--368,DC-474,FD02700613,FluidX 0.3mL Screw Cap Tube,"{u'index': u'NXIKV2-D  N728-S513 (TGCAGCTA-TCGACTAG)', u'kit': u'Nextera XT Index Kit V 2 - dual-indexing'}",Other,NA,Submitted Library Standard Depth PE Sequencing (HiSeq 2500) v4.0
BSK--369,DC-475,FD02700613,FluidX 0.3mL Screw Cap Tube,"{u'index': u'NXIKV2-D  N728-S515 (TGCAGCTA-TTCTAGCT)', u'kit': u'Nextera XT Index Kit V 2 - dual-indexing'}",Other,NA,Submitted Library Standard Depth PE Sequencing (HiSeq 2500) v4.0
BSK--370,DC-477,FD02700613,FluidX 0.3mL Screw Cap Tube,"{u'index': u'NXIKV2-D  N728-S516 (TGCAGCTA-CCTAGAGT)', u'kit': u'Nextera XT Index Kit V 2 - dual-indexing'}",Other,NA,Submitted Library Standard Depth PE Sequencing (HiSeq 2500) v4.0
BSK--371,DC-478,FD02700613,FluidX 0.3mL Screw Cap Tube,"{u'index': u'NXIKV2-D  N728-S517 (TGCAGCTA-GCGTAAGA)', u'kit': u'Nextera XT Index Kit V 2 - dual-indexing'}",Other,NA,Submitted Library Standard Depth PE Sequencing (HiSeq 2500) v4.0
BSK--372,DC-479,FD02700613,FluidX 0.3mL Screw Cap Tube,"{u'index': u'NXIKV2-D  N728-S518 (TGCAGCTA-CTATTAAG)', u'kit': u'Nextera XT Index Kit V 2 - dual-indexing'}",Other,NA,Submitted Library Standard Depth PE Sequencing (HiSeq 2500) v4.0
BSK--373,DC-480,FD02700613,FluidX 0.3mL Screw Cap Tube,"{u'index': u'NXIKV2-D  N728-S520 (TGCAGCTA-AAGGCTAT)', u'kit': u'Nextera XT Index Kit V 2 - dual-indexing'}",Other,NA,Submitted Library Standard Depth PE Sequencing (HiSeq 2500) v4.0
BSK--374,DC-482,FD02700613,FluidX 0.3mL Screw Cap Tube,"{u'index': u'NXIKV2-D  N728-S521 (TGCAGCTA-GAGCCTTA)', u'kit': u'Nextera XT Index Kit V 2 - dual-indexing'}",Other,NA,Submitted Library Standard Depth PE Sequencing (HiSeq 2500) v4.0
BSK--375,DC-483,FD02700613,FluidX 0.3mL Screw Cap Tube,"{u'index': u'NXIKV2-D  N728-S522  (TGCAGCTA-TTATGCGA)', u'kit': u'Nextera XT Index Kit V 2 - dual-indexing'}",Other,NA,Submitted Library Standard Depth PE Sequencing (HiSeq 2500) v4.0
BSK--376,DC-484,FD02700613,FluidX 0.3mL Screw Cap Tube,"{u'index': u'NXIKV2-D  N729-S513 (TCGACGTC-TCGACTAG)', u'kit': u'Nextera XT Index Kit V 2 - dual-indexing'}",Other,NA,Submitted Library Standard Depth PE Sequencing (HiSeq 2500) v4.0
BSK--377,DC-485,FD02700613,FluidX 0.3mL Screw Cap Tube,"{u'index': u'NXIKV2-D  N729-S515 (TCGACGTC-TTCTAGCT)', u'kit': u'Nextera XT Index Kit V 2 - dual-indexing'}",Other,NA,Submitted Library Standard Depth PE Sequencing (HiSeq 2500) v4.0
BSK--378,DC-488,FD02700613,FluidX 0.3mL Screw Cap Tube,"{u'index': u'NXIKV2-D  N729-S516 (TCGACGTC-CCTAGAGT)', u'kit': u'Nextera XT Index Kit V 2 - dual-indexing'}",Other,NA,Submitted Library Standard Depth PE Sequencing (HiSeq 2500) v4.0
BSK--379,DC-489,FD02700613,FluidX 0.3mL Screw Cap Tube,"{u'index': u'NXIKV2-D  N729-S517 (TCGACGTC-GCGTAAGA)', u'kit': u'Nextera XT Index Kit V 2 - dual-indexing'}",Other,NA,Submitted Library Standard Depth PE Sequencing (HiSeq 2500) v4.0
BSK--380,DC-491,FD02700613,FluidX 0.3mL Screw Cap Tube,"{u'index': u'NXIKV2-D  N729-S518 (TCGACGTC-CTATTAAG)', u'kit': u'Nextera XT Index Kit V 2 - dual-indexing'}",Other,NA,Submitted Library Standard Depth PE Sequencing (HiSeq 2500) v4.0
BSK--381,DC-493,FD02700613,FluidX 0.3mL Screw Cap Tube,"{u'index': u'NXIKV2-D  N729-S520 (TCGACGTC-AAGGCTAT)', u'kit': u'Nextera XT Index Kit V 2 - dual-indexing'}",Other,NA,Submitted Library Standard Depth PE Sequencing (HiSeq 2500) v4.0
BSK--382,DC-494,FD02700613,FluidX 0.3mL Screw Cap Tube,"{u'index': u'NXIKV2-D  N729-S521 (TCGACGTC-GAGCCTTA)', u'kit': u'Nextera XT Index Kit V 2 - dual-indexing'}",Other,NA,Submitted Library Standard Depth PE Sequencing (HiSeq 2500) v4.0
BSK--383,DC-496,FD02700613,FluidX 0.3mL Screw Cap Tube,"{u'index': u'NXIKV2-D  N729-S522  (TCGACGTC-TTATGCGA)', u'kit': u'Nextera XT Index Kit V 2 - dual-indexing'}",Other,NA,Submitted Library Standard Depth PE Sequencing (HiSeq 2500) v4.0